secID,ticker,secShortName,exchangeCD,tradeDate,preClosePrice,actPreClosePrice,openPrice,highestPrice,lowestPrice,closePrice,turnoverVol,turnoverValue,dealAmount,turnoverRate,accumAdjFactor,negMarketValue,marketValue,chgPct,PE,PE1,PB,isOpen,vwap,Unnamed: 0
688166.XSHG,688166,博瑞医药,XSHG,2019-11-08,12.71,12.71,27.77,33.3,27.13,30.61,26197930.0,779501168.0,42202.0,0.7087,0.9983959198000001,1131483345.0,12550100000.0,1.4083,127.2261,147.6012,15.0562,1.0,29.754,
688166.XSHG,688166,博瑞医药,XSHG,2019-11-11,30.61,30.61,30.2,33.5,30.1,32.41,15148036.0,483083644.0,13267.0,0.4098,0.9983959198000001,1198019445.0,13288100000.0,0.0588,134.7075,156.2808,15.9416,1.0,31.891,
688166.XSHG,688166,博瑞医药,XSHG,2019-11-12,32.41,32.41,31.6,31.6,28.06,28.21,11021466.0,320246681.0,10167.0,0.2982,0.9983959198000001,1042768545.0,11566100000.0,-0.1296,117.2508,136.0284,13.8757,1.0,29.057,
688166.XSHG,688166,博瑞医药,XSHG,2019-11-13,28.21,28.21,28.2,29.28,27.51,28.68,6307804.0,180360032.0,5278.0,0.1706,0.9983959198000001,1060141860.0,11758800000.0,0.0167,119.2043,138.2947,14.1069,1.0,28.593000000000004,
688166.XSHG,688166,博瑞医药,XSHG,2019-11-14,28.68,28.68,28.2,30.5,27.86,28.58,6299110.0,185045178.0,5317.0,0.1704,0.9983959198000001,1056445410.0,11717800000.0,-0.0035,118.7887,137.8125,14.0577,1.0,29.375999999999998,
688166.XSHG,688166,博瑞医药,XSHG,2019-11-15,28.58,28.58,28.04,30.04,26.22,29.49,10542524.0,291126695.0,10023.0,0.2852,0.9983959198000001,1090083105.0,12090900000.0,0.0318,122.571,142.2005,14.5053,1.0,27.615,
688166.XSHG,688166,博瑞医药,XSHG,2019-11-18,29.49,29.49,28.85,30.47,28.51,29.25,4369563.0,128571413.0,3797.0,0.1182,0.9983959198000001,1081211625.0,11992500000.0,-0.0081,121.5734,141.0433,14.3873,1.0,29.424,
688166.XSHG,688166,博瑞医药,XSHG,2019-11-19,29.25,29.25,29.5,30.44,29.03,30.2,3746665.0,112089265.0,3460.0,0.1014,0.9983959198000001,1116327900.0,12382000000.0,0.0325,125.522,145.6242,14.8545,1.0,29.916999999999998,
688166.XSHG,688166,博瑞医药,XSHG,2019-11-20,30.2,30.2,29.8,31.26,29.11,30.8,3784160.0,113914883.0,3685.0,0.1024,0.9983959198000001,1138506600.0,12628000000.0,0.0199,128.0158,148.5173,15.1497,1.0,30.103,
688166.XSHG,688166,博瑞医药,XSHG,2019-11-21,30.8,30.8,30.45,33.7,30.45,31.68,5457479.0,175690021.0,5748.0,0.1476,0.9983959198000001,1171035360.0,12988800000.0,0.0286,131.6734,152.7607,15.5825,1.0,32.193000000000005,
688166.XSHG,688166,博瑞医药,XSHG,2019-11-22,31.68,31.68,32.11,32.11,29.5,30.21,4164021.0,127540122.0,4370.0,0.1126,0.9983959198000001,1116697545.0,12386100000.0,-0.0464,125.5635,145.6724,14.8594,1.0,30.629,
688166.XSHG,688166,博瑞医药,XSHG,2019-11-25,30.21,30.21,30.0,30.15,28.3,28.63,4417830.0,127491364.0,3718.0,0.1195,0.9983959198000001,1058293635.0,11738300000.0,-0.0523,118.9965,138.0536,14.0823,1.0,28.858,
688166.XSHG,688166,博瑞医药,XSHG,2019-11-26,28.63,28.63,28.7,28.95,27.27,27.4,2469410.0,68883493.0,2250.0,0.0668,0.9983959198000001,1012827300.0,11234000000.0,-0.043,113.8842,132.1226,13.4773,1.0,27.895,
688166.XSHG,688166,博瑞医药,XSHG,2019-11-27,27.4,27.4,27.45,28.12,27.45,27.62,1487102.0,41426072.0,1559.0,0.0402,0.9983959198000001,1020959490.0,11324200000.0,0.008,114.7986,133.1834,13.5855,1.0,27.857,
688166.XSHG,688166,博瑞医药,XSHG,2019-11-28,27.62,27.62,27.8,29.43,27.35,28.42,2852899.0,81364814.0,2750.0,0.0772,0.9983959198000001,1050531090.0,11652200000.0,0.028999999999999998,118.1237,137.041,13.979000000000001,1.0,28.52,
688166.XSHG,688166,博瑞医药,XSHG,2019-11-29,28.42,28.42,28.22,28.97,27.03,27.76,2368996.0,66438735.0,2624.0,0.0641,0.9983959198000001,1026134520.0,11381600000.0,-0.0232,115.3805,133.8585,13.6544,1.0,28.045,
688166.XSHG,688166,博瑞医药,XSHG,2019-12-02,27.76,27.76,27.41,27.66,27.05,27.52,1608085.0,43974251.0,1824.0,0.0435,0.9983959198000001,1017263040.0,11283200000.0,-0.0086,114.3829,132.7012,13.5363,1.0,27.346,
688166.XSHG,688166,博瑞医药,XSHG,2019-12-03,27.52,27.52,27.47,27.47,26.55,26.8,1370203.0,36860297.0,1540.0,0.0371,0.9983959198000001,990648600.0,10988000000.0,-0.0262,111.3904,129.2294,13.1822,1.0,26.901,
688166.XSHG,688166,博瑞医药,XSHG,2019-12-04,26.8,26.8,26.59,28.16,26.59,27.7,1760984.0,48213416.0,2054.0,0.0476,0.9983959198000001,1023916650.0,11357000000.0,0.0336,115.1311,133.5692,13.6249,1.0,27.379,
688166.XSHG,688166,博瑞医药,XSHG,2019-12-05,27.7,27.7,27.55,28.09,27.55,27.88,1268748.0,35293104.0,1649.0,0.0343,0.9983959198000001,1030570260.0,11430800000.0,0.0065,115.8792,134.4371,13.7134,1.0,27.816999999999997,
688166.XSHG,688166,博瑞医药,XSHG,2019-12-06,27.88,27.88,28.0,29.16,27.98,28.67,1826476.0,52259423.0,2576.0,0.0494,0.9983959198000001,1059772215.0,11754700000.0,0.0283,119.1627,138.2465,14.102,1.0,28.612,
688166.XSHG,688166,博瑞医药,XSHG,2019-12-09,28.67,28.67,28.99,29.25,28.28,29.13,1495169.0,43052538.0,1582.0,0.0404,0.9983959198000001,1076775885.0,11943300000.0,0.016,121.0747,140.4646,14.3282,1.0,28.794,
688166.XSHG,688166,博瑞医药,XSHG,2019-12-10,29.13,29.13,29.02,30.89,28.47,29.78,2804882.0,83589174.0,3302.0,0.0759,0.9983959198000001,1100802810.0,12209800000.0,0.0223,123.7763,143.5989,14.6479,1.0,29.801,
688166.XSHG,688166,博瑞医药,XSHG,2019-12-11,29.78,29.78,29.6,29.97,28.62,28.65,1420239.0,41535509.0,1642.0,0.0384,0.9983959198000001,1059032925.0,11746500000.0,-0.0379,119.0796,138.1501,14.0921,1.0,29.245,
688166.XSHG,688166,博瑞医药,XSHG,2019-12-12,28.65,28.65,28.69,30.47,28.69,29.35,2450323.0,72481131.0,2348.0,0.0663,0.9983959198000001,1084908075.0,12033500000.0,0.0244,121.9891,141.5255,14.4364,1.0,29.58,
688166.XSHG,688166,博瑞医药,XSHG,2019-12-13,29.35,29.35,29.38,31.15,29.19,30.89,2563012.0,78317290.0,2396.0,0.0693,0.9983959198000001,1141833405.0,12664900000.0,0.0525,128.3899,148.9513,15.1939,1.0,30.557,
688166.XSHG,688166,博瑞医药,XSHG,2019-12-16,30.89,30.89,31.1,31.1,30.29,31.08,2033130.0,62539193.0,1674.0,0.055,0.9983959198000001,1148856660.0,12742800000.0,0.0062,129.1796,149.8675,15.2874,1.0,30.76,
688166.XSHG,688166,博瑞医药,XSHG,2019-12-17,31.08,31.08,30.76,31.09,30.31,30.71,1547822.0,47521756.0,1341.0,0.0419,0.9983959198000001,1135179795.0,12591100000.0,-0.0119,127.6417,148.0834,15.1054,1.0,30.701999999999998,
688166.XSHG,688166,博瑞医药,XSHG,2019-12-18,30.71,30.71,30.9,31.75,30.67,30.88,2629488.0,81968016.0,2173.0,0.0711,0.9983959198000001,1141463760.0,12660800000.0,0.0055,128.3483,148.9031,15.189,1.0,31.173000000000002,
688166.XSHG,688166,博瑞医药,XSHG,2019-12-19,30.88,30.88,31.27,31.58,29.98,30.31,1877806.0,57711513.0,1700.0,0.0508,0.9983959198000001,1120393995.0,12427100000.0,-0.0185,125.9792,146.1546,14.9086,1.0,30.733,
688166.XSHG,688166,博瑞医药,XSHG,2019-12-20,30.31,30.31,30.2,31.76,30.02,31.09,2843723.0,88428804.0,2995.0,0.0769,0.9983959198000001,1149226305.0,12746900000.0,0.0257,129.2211,149.9157,15.2923,1.0,31.096,
688166.XSHG,688166,博瑞医药,XSHG,2019-12-23,31.09,31.09,31.0,31.7,29.31,29.5,2227443.0,68461096.0,2372.0,0.0603,0.9983959198000001,1090452750.0,12095000000.0,-0.0511,122.6125,142.2488,14.5102,1.0,30.735,
688166.XSHG,688166,博瑞医药,XSHG,2019-12-24,29.5,29.5,29.23,30.96,29.23,30.8,1355813.0,41091831.0,1549.0,0.0367,0.9983959198000001,1138506600.0,12628000000.0,0.0441,128.0158,148.5173,15.1497,1.0,30.308000000000003,
688166.XSHG,688166,博瑞医药,XSHG,2019-12-25,30.8,30.8,30.8,31.6,30.54,31.0,1767856.0,55190634.0,1505.0,0.0478,0.9983959198000001,1145899500.0,12710000000.0,0.0065,128.8471,149.4817,15.248,1.0,31.219,
688166.XSHG,688166,博瑞医药,XSHG,2019-12-26,31.0,31.0,31.0,31.33,30.57,31.11,854364.0,26379969.0,1327.0,0.0231,0.9983959198000001,1149965595.0,12755100000.0,0.0035,129.3043,150.0122,15.3021,1.0,30.877,
688166.XSHG,688166,博瑞医药,XSHG,2019-12-27,31.11,31.11,31.2,32.51,30.6,31.93,2317262.0,73348724.0,2318.0,0.0627,0.9983959198000001,1180276485.0,13091300000.0,0.0264,132.7125,153.9662,15.7055,1.0,31.653000000000002,
688166.XSHG,688166,博瑞医药,XSHG,2019-12-30,31.93,31.93,31.93,31.93,29.37,30.82,1508710.0,46776679.0,1597.0,0.0408,0.9983959198000001,1139245890.0,12636200000.0,-0.0348,128.0989,148.6138,15.1595,1.0,31.004,
688166.XSHG,688166,博瑞医药,XSHG,2019-12-31,30.82,30.82,30.8,32.3,30.58,31.77,1353846.0,42769932.0,1439.0,0.0366,0.9983959198000001,1174362165.0,13025700000.0,0.0308,132.0474,153.1947,15.6268,1.0,31.590999999999998,
688166.XSHG,688166,博瑞医药,XSHG,2020-01-02,31.77,31.77,31.77,32.07,31.22,31.85,1449545.0,45971797.0,1347.0,0.0392,0.9983959198000001,1177319325.0,13058500000.0,0.0025,132.38,153.5804,15.6661,1.0,31.715,
688166.XSHG,688166,博瑞医药,XSHG,2020-01-03,31.85,31.85,31.9,33.35,31.61,33.15,1504735.0,48771124.0,1607.0,0.0407,0.9983959198000001,1225373175.0,13591500000.0,0.0408,137.7832,159.849,16.3056,1.0,32.412,
688166.XSHG,688166,博瑞医药,XSHG,2020-01-06,33.15,33.15,33.2,35.88,32.43,35.3,2316137.0,79170389.0,2649.0,0.0627,0.9983959198000001,1304846850.0,14473000000.0,0.0649,146.7194,170.2163,17.3631,1.0,34.181999999999995,
688166.XSHG,688166,博瑞医药,XSHG,2020-01-07,35.3,35.3,34.88,36.63,34.48,35.73,1999072.0,71126704.0,2253.0,0.0541,0.9983959198000001,1320741585.0,14649300000.0,0.0122,148.5066,172.2898,17.5746,1.0,35.58,
688166.XSHG,688166,博瑞医药,XSHG,2020-01-08,35.73,35.73,35.44,36.6,34.55,35.7,1673532.0,59514495.0,1488.0,0.0453,0.9983959198000001,1319632650.0,14637000000.0,-0.0008,148.3819,172.1451,17.5598,1.0,35.562,
688166.XSHG,688166,博瑞医药,XSHG,2020-01-09,35.7,35.7,36.28,36.57,35.56,36.0,1115298.0,40202463.0,1055.0,0.0302,0.9983959198000001,1330722000.0,14760000000.0,0.0084,149.6288,173.5917,17.7074,1.0,36.046,
688166.XSHG,688166,博瑞医药,XSHG,2020-01-10,36.0,36.0,35.58,36.75,35.58,36.15,1223759.0,44545075.0,2989.0,0.0331,0.9983959198000001,1336266675.0,14821500000.0,0.0042,150.2523,174.315,17.7812,1.0,36.4,
688166.XSHG,688166,博瑞医药,XSHG,2020-01-13,36.15,36.15,36.15,37.94,35.42,37.13,1279143.0,46408495.0,1608.0,0.0346,0.9983959198000001,1372491885.0,15223300000.0,0.0271,154.3255,179.0406,18.2632,1.0,36.281,
688166.XSHG,688166,博瑞医药,XSHG,2020-01-14,37.13,37.13,37.5,39.99,37.38,37.45,1907781.0,73418034.0,2118.0,0.0516,0.9983959198000001,1384320525.0,15354500000.0,0.0086,155.6556,180.5836,18.4206,1.0,38.483000000000004,
688166.XSHG,688166,博瑞医药,XSHG,2020-01-15,37.45,37.45,37.0,39.4,36.8,38.33,991055.0,37973991.0,1252.0,0.0268,0.9983959198000001,1416849285.0,15715300000.0,0.0235,159.3131,184.8269,18.8534,1.0,38.317,
688166.XSHG,688166,博瑞医药,XSHG,2020-01-16,38.33,38.33,38.28,38.86,37.49,38.11,1612930.0,61334634.0,1797.0,0.0436,0.9983959198000001,1408717095.0,15625100000.0,-0.0057,158.3987,183.7661,18.7452,1.0,38.027,
688166.XSHG,688166,博瑞医药,XSHG,2020-01-17,38.11,38.11,38.0,40.5,37.75,39.21,2561387.0,100094355.0,2432.0,0.0693,0.9983959198000001,1449378045.0,16076100000.0,0.0289,162.9707,189.0703,19.2863,1.0,39.078,
688166.XSHG,688166,博瑞医药,XSHG,2020-01-20,39.21,39.21,41.6,45.0,40.08,42.05,3666447.0,153213724.0,3288.0,0.0992,0.9983959198000001,1554357225.0,17240500000.0,0.0724,174.7748,202.7648,20.6832,1.0,41.788000000000004,
688166.XSHG,688166,博瑞医药,XSHG,2020-01-21,42.05,42.05,42.4,42.4,40.2,40.88,2259166.0,92326317.0,2628.0,0.0611,0.9983959198000001,1511108760.0,16760800000.0,-0.0278,169.9119,197.123,20.1077,1.0,40.867,
688166.XSHG,688166,博瑞医药,XSHG,2020-01-22,40.88,40.88,40.88,41.52,37.0,39.64,2174436.0,85885130.0,2447.0,0.0588,0.9983959198000001,1465272780.0,16252400000.0,-0.0303,164.75799999999995,191.1438,19.4978,1.0,39.49800000000001,
688166.XSHG,688166,博瑞医药,XSHG,2020-01-23,39.64,39.64,39.38,40.5,38.05,38.3,1576684.0,61608681.0,2207.0,0.0427,0.9983959198000001,1415740350.0,15703000000.0,-0.0338,159.1885,184.6823,18.8387,1.0,39.075,
688166.XSHG,688166,博瑞医药,XSHG,2020-02-03,38.3,38.3,35.9,45.88,34.43,44.15,7187996.0,293896182.0,7301.0,0.1945,0.9983959198000001,1631982675.0,18101500000.0,0.1527,183.5031,212.8909,21.7161,1.0,40.887,
688166.XSHG,688166,博瑞医药,XSHG,2020-02-04,44.15,44.15,39.9,46.6,38.38,43.01,6697578.0,286475991.0,7864.0,0.1812,0.9983959198000001,1589843145.0,17634100000.0,-0.0258,178.7649,207.3939,21.1554,1.0,42.773,
688166.XSHG,688166,博瑞医药,XSHG,2020-02-05,43.01,43.01,43.0,45.0,41.72,44.97,5337968.0,232116450.0,6458.0,0.1444,0.9983959198000001,1662293565.0,18437700000.0,0.0456,186.9114,216.845,22.1195,1.0,43.483999999999995,
688166.XSHG,688166,博瑞医药,XSHG,2020-02-06,44.97,44.97,44.42,46.0,42.84,43.2,5176224.0,230105074.0,7037.0,0.14,0.9983959198000001,1596866400.0,17712000000.0,-0.0394,179.5546,208.31,21.2489,1.0,44.45399999999999,
688166.XSHG,688166,博瑞医药,XSHG,2020-02-07,43.2,43.2,43.96,44.98,41.71,42.08,3157212.0,135737880.0,4267.0,0.0854,0.9983959198000001,1555466160.0,17252800000.0,-0.0259,174.8995,202.9094,20.698,1.0,42.993,
688166.XSHG,688166,博瑞医药,XSHG,2020-02-10,42.08,42.08,42.6,42.6,40.5,40.9,2629744.0,108079682.0,2854.0,0.0711,0.9983959198000001,1511848050.0,16769000000.0,-0.027999999999999997,169.995,197.2195,20.1176,1.0,41.099,
688166.XSHG,688166,博瑞医药,XSHG,2020-02-11,40.9,40.9,41.7,45.29,40.43,43.43,3813083.0,164986508.0,4722.0,0.1032,0.9983959198000001,1605368235.0,17806300000.0,0.0619,180.5106,209.4191,21.362,1.0,43.269,
688166.XSHG,688166,博瑞医药,XSHG,2020-02-12,43.43,43.43,52.12,52.12,52.12,52.12,1137408.0,59281705.0,581.0,0.0308,0.9983959198000001,1926589740.0,21369200000.0,0.2001,216.6293,251.3222,25.6364,1.0,52.12,
688166.XSHG,688166,博瑞医药,XSHG,2020-02-13,52.12,52.12,62.54,62.54,62.54,62.54,1207124.0,75493535.0,877.0,0.0327,0.9983959198000001,2311759830.0,25641400000.0,0.1999,259.9385,301.5674,30.7617,1.0,62.54,
688166.XSHG,688166,博瑞医药,XSHG,2020-02-14,62.54,62.54,60.0,72.38,53.08,68.9,16877493.0,1044448883.0,22884.0,0.4566,0.9983959198000001,2546854050.0,28249000000.0,0.1017,286.373,332.2352,33.89,1.0,61.88399999999999,
688166.XSHG,688166,博瑞医药,XSHG,2020-02-17,68.9,68.9,60.51,68.5,60.5,62.46,12010309.0,761913377.0,21432.0,0.3249,0.9983959198000001,2308802670.0,25608600000.0,-0.0935,259.606,301.1816,30.7223,1.0,63.438,
688166.XSHG,688166,博瑞医药,XSHG,2020-02-18,62.46,62.46,61.28,61.3,56.34,56.6,10076621.0,581743501.0,15305.0,0.2726,0.9983959198000001,2092190700.0,23206000000.0,-0.0938,235.2498,272.9247,27.8399,1.0,57.732,
688166.XSHG,688166,博瑞医药,XSHG,2020-02-19,56.6,56.6,56.3,59.28,53.13,57.65,8056179.0,456968316.0,11409.0,0.2179,0.9983959198000001,2131003425.0,23636500000.0,0.0186,239.614,277.9878,28.3564,1.0,56.723,
688166.XSHG,688166,博瑞医药,XSHG,2020-02-20,57.65,57.65,56.56,57.71,53.09,53.9,5485253.0,299405252.0,8539.0,0.1484,0.9983959198000001,1992386550.0,22099000000.0,-0.065,224.0276,259.9054,26.5119,1.0,54.583999999999996,
688166.XSHG,688166,博瑞医药,XSHG,2020-02-21,53.9,53.9,53.9,56.88,52.5,55.37,6472024.0,355325257.0,9239.0,0.1751,0.9983959198000001,2046724365.0,22701700000.0,0.0273,230.1375,266.9937,27.2349,1.0,54.902,
688166.XSHG,688166,博瑞医药,XSHG,2020-02-24,55.37,55.37,55.9,58.18,54.5,55.45,4770499.0,268113086.0,6722.0,0.1291,0.9983959198000001,2049681525.0,22734500000.0,0.0014,230.47,267.3794,27.2743,1.0,56.202,
688166.XSHG,688166,博瑞医药,XSHG,2020-02-25,55.45,55.45,57.0,65.6,57.0,65.4,12395501.0,763055515.0,15697.0,0.3353,0.9983959198000001,2417478300.0,26814000000.0,0.1794,271.8257,315.3583,32.1684,1.0,61.559,
688166.XSHG,688166,博瑞医药,XSHG,2020-02-26,65.4,65.4,68.8,71.4,62.12,69.35,12370998.0,835460543.0,15757.0,0.3347,0.9983959198000001,2563488075.0,28433500000.0,0.0604,288.2433,334.4051,34.1113,1.0,67.53399999999999,
688166.XSHG,688166,博瑞医药,XSHG,2020-02-27,69.35,69.35,68.0,68.0,61.9,62.01,7226332.0,463185789.0,9757.0,0.1955,0.9983959198000001,2292168645.0,25424100000.0,-0.1058,257.7357,299.0117,30.500999999999998,1.0,64.097,
688166.XSHG,688166,博瑞医药,XSHG,2020-02-28,62.01,62.01,63.0,66.98,62.05,62.37,7203850.0,465714618.0,9648.0,0.1949,0.9983959198000001,2305475865.0,25571700000.0,0.0058,259.232,300.7476,30.678,1.0,64.648,
688166.XSHG,688166,博瑞医药,XSHG,2020-03-02,62.37,62.37,49.9,55.9,49.9,53.22,11851120.0,621300876.0,13582.0,0.3206,0.9983959198000001,1967250690.0,21820200000.0,-0.1467,221.2013,256.6264,26.1774,1.0,52.425,
688166.XSHG,688166,博瑞医药,XSHG,2020-03-03,53.22,53.22,51.88,54.6,48.5,53.23,10533061.0,540298985.0,13910.0,0.285,0.9983959198000001,1967620335.0,21824300000.0,0.0002,221.2429,256.6746,26.1823,1.0,51.29600000000001,
688166.XSHG,688166,博瑞医药,XSHG,2020-03-04,53.23,53.23,51.5,52.73,50.6,50.73,5134200.0,263053810.0,6685.0,0.1389,0.9983959198000001,1875209085.0,20799300000.0,-0.047,210.852,244.6196,24.9527,1.0,51.236000000000004,
688166.XSHG,688166,博瑞医药,XSHG,2020-03-05,50.73,50.73,51.0,51.47,48.5,48.77,5396088.0,265894025.0,7783.0,0.146,0.9983959198000001,1802758665.0,19995700000.0,-0.0386,202.7055,235.1685,23.9886,1.0,49.275,
688166.XSHG,688166,博瑞医药,XSHG,2020-03-06,48.77,48.77,49.82,52.0,49.12,50.48,5117847.0,260142146.0,7215.0,0.1385,0.9983959198000001,1865967960.0,20696800000.0,0.0351,209.8129,243.4141,24.8297,1.0,50.83,
688166.XSHG,688166,博瑞医药,XSHG,2020-03-09,50.48,50.48,49.5,52.0,46.43,49.02,6931929.0,336443986.0,9026.0,0.1875,0.9983959198000001,1811999790.0,20098200000.0,-0.0289,203.7446,236.37400000000002,24.1116,1.0,48.535,
688166.XSHG,688166,博瑞医药,XSHG,2020-03-10,49.02,49.02,47.0,48.49,46.0,47.23,4568460.0,214896579.0,5952.0,0.1236,0.9983959198000001,1745833335.0,19364300000.0,-0.0365,196.3047,227.7427,23.2311,1.0,47.038999999999994,
688166.XSHG,688166,博瑞医药,XSHG,2020-03-11,47.23,47.23,46.92,48.26,46.46,46.63,3387904.0,160379357.0,4050.0,0.0917,0.9983959198000001,1723654635.0,19118300000.0,-0.0127,193.8109,224.8495,22.936,1.0,47.339,
688166.XSHG,688166,博瑞医药,XSHG,2020-03-12,46.63,46.63,46.88,47.41,44.58,44.69,2918361.0,132763684.0,4219.0,0.079,0.9983959198000001,1651943505.0,18322900000.0,-0.0416,185.7476,215.4948,21.9818,1.0,45.493,
688166.XSHG,688166,博瑞医药,XSHG,2020-03-13,44.69,44.69,42.0,44.02,40.22,42.35,4242533.0,177262786.0,5547.0,0.1148,0.9983959198000001,1565446575.0,17363500000.0,-0.0524,176.0217,204.2114,20.8308,1.0,41.782,
688166.XSHG,688166,博瑞医药,XSHG,2020-03-16,42.35,42.35,42.5,46.82,42.48,45.0,5795777.0,263247721.0,7973.0,0.1568,0.9983959198000001,1663402500.0,18450000000.0,0.0626,187.03599999999997,216.9896,22.1342,1.0,45.42100000000001,
688166.XSHG,688166,博瑞医药,XSHG,2020-03-17,45.0,45.0,44.0,47.62,40.56,46.3,5728025.0,251995062.0,8596.0,0.155,0.9983959198000001,1711456350.0,18983000000.0,0.0289,192.4393,223.2582,22.7737,1.0,43.993,
688166.XSHG,688166,博瑞医药,XSHG,2020-03-18,46.3,46.3,45.71,46.9,43.78,43.8,4492235.0,203462697.0,7098.0,0.1215,0.9983959198000001,1619045100.0,17958000000.0,-0.054000000000000006,182.0484,211.2032,21.544,1.0,45.292,
688166.XSHG,688166,博瑞医药,XSHG,2020-03-19,43.8,43.8,43.03,44.3,41.2,42.05,3530452.0,148877167.0,4952.0,0.0955,0.9983959198000001,1554357225.0,17240500000.0,-0.04,174.7748,202.7648,20.6832,1.0,42.169,
688166.XSHG,688166,博瑞医药,XSHG,2020-03-20,42.05,42.05,41.7,43.47,41.7,42.07,2094336.0,88571568.0,2815.0,0.0567,0.9983959198000001,1555096515.0,17248700000.0,0.0005,174.8579,202.8612,20.693,1.0,42.291000000000004,
688166.XSHG,688166,博瑞医药,XSHG,2020-03-23,42.07,42.07,40.69,42.0,38.51,38.69,2878093.0,115282834.0,4976.0,0.0779,0.9983959198000001,1430156505.0,15862900000.0,-0.0803,160.8094,186.5629,19.0305,1.0,40.055,
688166.XSHG,688166,博瑞医药,XSHG,2020-03-24,38.69,38.69,38.9,41.35,38.66,39.8,2988681.0,119176238.0,4769.0,0.0809,0.9983959198000001,1471187100.0,16318000000.0,0.0287,165.423,191.9153,19.5765,1.0,39.876,
688166.XSHG,688166,博瑞医药,XSHG,2020-03-25,39.8,39.8,41.0,41.79,40.27,40.9,2882323.0,118386633.0,4003.0,0.078,0.9983959198000001,1511848050.0,16769000000.0,0.0276,169.995,197.2195,20.1176,1.0,41.073,
688166.XSHG,688166,博瑞医药,XSHG,2020-03-26,40.9,40.9,40.23,42.26,40.23,41.58,2821613.0,117589202.0,3641.0,0.0763,0.9983959198000001,1536983910.0,17047800000.0,0.0166,172.8213,200.4984,20.452,1.0,41.674,
688166.XSHG,688166,博瑞医药,XSHG,2020-03-27,41.58,41.58,42.07,44.73,42.07,43.7,3656729.0,160214815.0,5247.0,0.0989,0.9983959198000001,1615348650.0,17917000000.0,0.051,181.6328,210.72099999999998,21.4948,1.0,43.81399999999999,
688166.XSHG,688166,博瑞医药,XSHG,2020-03-30,43.7,43.7,43.2,45.5,41.5,42.56,3265212.0,143364009.0,4269.0,0.0883,0.9983959198000001,1573209120.0,17449600000.0,-0.0261,176.8945,205.22400000000002,20.9341,1.0,43.90600000000001,
688166.XSHG,688166,博瑞医药,XSHG,2020-03-31,42.56,42.56,42.43,43.77,41.71,42.91,1928109.0,82105270.0,3207.0,0.0522,0.9983959198000001,1586146695.0,17593100000.0,0.0082,178.3493,206.9117,21.1062,1.0,42.583,
688166.XSHG,688166,博瑞医药,XSHG,2020-04-01,42.91,42.91,45.25,45.25,43.16,44.06,2456388.0,109144043.0,4166.0,0.0665,0.9983959198000001,1628655870.0,18064600000.0,0.0268,183.1291,212.457,21.6719,1.0,44.433,
688166.XSHG,688166,博瑞医药,XSHG,2020-04-02,44.06,44.06,44.1,44.1,42.2,43.53,1979662.0,85192615.0,2950.0,0.0536,0.9983959198000001,1609064685.0,17847300000.0,-0.012,180.9262,209.9013,21.4112,1.0,43.034,
688166.XSHG,688166,博瑞医药,XSHG,2020-04-03,43.53,43.53,43.2,45.38,43.2,43.83,2131617.0,94640661.0,3325.0,0.0577,0.9983959198000001,1620154035.0,17970300000.0,0.0069,182.1731,211.3479,21.5587,1.0,44.398999999999994,
688166.XSHG,688166,博瑞医药,XSHG,2020-04-07,43.83,43.83,44.87,45.5,43.88,44.9,2437274.0,109033660.0,3296.0,0.0659,0.9983959198000001,1659706050.0,18409000000.0,0.0244,165.7224,165.7224,14.0196,1.0,44.736000000000004,
688166.XSHG,688166,博瑞医药,XSHG,2020-04-08,44.9,44.9,44.36,45.45,43.84,44.26,2170054.0,96868442.0,3437.0,0.0587,0.9983959198000001,1636048770.0,18146600000.0,-0.0143,163.3603,163.3603,13.8198,1.0,44.638999999999996,
688166.XSHG,688166,博瑞医药,XSHG,2020-04-09,44.26,44.26,44.26,48.5,44.15,47.57,4406456.0,205291913.0,5990.0,0.1192,0.9983959198000001,1758401265.0,19503700000.0,0.0748,175.5772,175.5772,14.8533,1.0,46.589,
688166.XSHG,688166,博瑞医药,XSHG,2020-04-10,47.57,47.57,47.57,48.3,45.57,46.34,2855736.0,133924840.0,5627.0,0.0773,0.9983959198000001,1712934930.0,18999400000.0,-0.0259,171.0374,171.0374,14.4693,1.0,46.897,
688166.XSHG,688166,博瑞医药,XSHG,2020-04-13,46.34,46.34,45.58,48.19,43.0,46.91,3277783.0,152745169.0,6841.0,0.0887,0.9983959198000001,1734004695.0,19233100000.0,0.0123,173.1412,173.1412,14.6473,1.0,46.6,
688166.XSHG,688166,博瑞医药,XSHG,2020-04-14,46.91,46.91,46.9,48.56,45.7,47.2,2729137.0,129449079.0,5527.0,0.0738,0.9983959198000001,1744724400.0,19352000000.0,0.0062,150.0284,142.1835,14.3661,1.0,47.431999999999995,
688166.XSHG,688166,博瑞医药,XSHG,2020-04-15,47.2,47.2,47.35,48.94,47.07,48.2,2090871.0,101042999.0,3922.0,0.0566,0.9983959198000001,1781688900.0,19762000000.0,0.0212,153.207,145.1959,14.6705,1.0,48.326,
688166.XSHG,688166,博瑞医药,XSHG,2020-04-16,48.2,48.2,48.2,49.6,46.75,49.58,2332480.0,112224165.0,4680.0,0.0631,0.9983959198000001,1832699910.0,20327800000.0,0.0286,157.5934,149.35299999999995,15.0905,1.0,48.114,
688166.XSHG,688166,博瑞医药,XSHG,2020-04-17,49.58,49.58,53.5,56.8,50.89,51.3,5233061.0,279506852.0,7655.0,0.1416,0.9983959198000001,1896278850.0,21033000000.0,0.0347,163.0606,154.5342,15.614,1.0,53.412,
688166.XSHG,688166,博瑞医药,XSHG,2020-04-20,51.3,51.3,52.45,53.5,50.11,52.17,3392940.0,177467080.0,4624.0,0.0918,0.9983959198000001,1928437965.0,21389700000.0,0.017,165.8259,157.155,15.8788,1.0,52.305,
688166.XSHG,688166,博瑞医药,XSHG,2020-04-21,52.17,52.17,51.0,53.37,50.6,52.21,2150718.0,112266839.0,3711.0,0.0582,0.9983959198000001,1929916545.0,21406100000.0,0.0008,165.9531,157.2755,15.890999999999998,1.0,52.2,
688166.XSHG,688166,博瑞医药,XSHG,2020-04-22,52.21,52.21,51.85,52.97,49.7,51.98,2633715.0,135707892.0,4612.0,0.0712,0.9983959198000001,1921414710.0,21311800000.0,-0.0044,165.222,156.5826,15.821,1.0,51.527,
688166.XSHG,688166,博瑞医药,XSHG,2020-04-23,51.98,51.98,52.4,53.5,52.05,52.21,2093829.0,110694357.0,3785.0,0.0566,0.9983959198000001,1929916545.0,21406100000.0,0.0044,165.9531,157.2755,15.890999999999998,1.0,52.867,
688166.XSHG,688166,博瑞医药,XSHG,2020-04-24,52.21,52.21,50.45,51.31,48.8,49.05,3206565.0,159609938.0,5333.0,0.0867,0.9983959198000001,1813108725.0,20110500000.0,-0.0605,155.9088,147.7564,14.9292,1.0,49.776,
688166.XSHG,688166,博瑞医药,XSHG,2020-04-27,49.05,49.05,48.5,49.6,47.25,47.72,1773089.0,85329407.0,3008.0,0.048,0.9983959198000001,1763945940.0,19565200000.0,-0.0271,151.6813,143.75,14.5244,1.0,48.125,
688166.XSHG,688166,博瑞医药,XSHG,2020-04-28,47.72,47.72,48.09,48.5,43.44,45.96,2408014.0,110009684.0,3476.0,0.0651,0.9983959198000001,1698888420.0,18843600000.0,-0.0369,146.08700000000005,138.4482,13.9887,1.0,45.685,
688166.XSHG,688166,博瑞医药,XSHG,2020-04-29,45.96,45.96,45.96,46.92,45.12,45.87,798809.0,36615951.0,1460.0,0.0216,0.9983959198000001,1695561615.0,18806700000.0,-0.002,145.8009,138.1771,13.9613,1.0,45.838,
688166.XSHG,688166,博瑞医药,XSHG,2020-04-30,45.87,45.87,48.39,49.44,47.13,48.0,2306687.0,110871696.0,4049.0,0.0624,0.9983959198000001,1774296000.0,19680000000.0,0.0464,152.5713,144.5934,14.6096,1.0,48.065,
688166.XSHG,688166,博瑞医药,XSHG,2020-05-06,48.0,48.0,47.66,49.95,47.01,49.7,2572590.0,125377712.0,4345.0,0.0696,0.9983959198000001,1837135650.0,20377000000.0,0.0354,157.9748,149.7145,15.127,1.0,48.736000000000004,
688166.XSHG,688166,博瑞医药,XSHG,2020-05-07,49.7,49.7,49.4,51.3,49.02,49.99,2199362.0,110540319.0,3469.0,0.0595,0.9983959198000001,1847855355.0,20495900000.0,0.0058,158.8966,150.588,15.2153,1.0,50.26,
688166.XSHG,688166,博瑞医药,XSHG,2020-05-08,49.99,49.99,49.3,50.18,48.48,50.06,3016345.0,148194903.0,4982.0,0.0774,0.9983959198000001,1949837000.0,20524600000.0,0.0014,159.1191,150.7989,15.2366,1.0,49.131,
688166.XSHG,688166,博瑞医药,XSHG,2020-05-11,50.06,50.06,49.6,51.1,49.21,50.4,1845185.0,92860543.0,3155.0,0.0474,0.9983959198000001,1963080000.0,20664000000.0,0.0068,160.1998,151.8231,15.3401,1.0,50.326,
688166.XSHG,688166,博瑞医药,XSHG,2020-05-12,50.4,50.4,50.5,50.5,48.7,49.63,2091290.0,103000200.0,5421.0,0.0537,0.9983959198000001,1933088500.0,20348300000.0,-0.0153,157.7523,149.5036,15.1057,1.0,49.251999999999995,
688166.XSHG,688166,博瑞医药,XSHG,2020-05-13,49.63,49.63,49.45,50.5,48.75,49.9,1872063.0,93245339.0,3614.0,0.0481,0.9983959198000001,1943605000.0,20459000000.0,0.0054,158.6106,150.3169,15.1879,1.0,49.809,
688166.XSHG,688166,博瑞医药,XSHG,2020-05-14,49.9,49.9,49.37,50.98,48.29,48.88,1943295.0,96709773.0,3887.0,0.0499,0.9983959198000001,1903876000.0,20040800000.0,-0.0204,155.3684,147.2443,14.8775,1.0,49.76600000000001,
688166.XSHG,688166,博瑞医药,XSHG,2020-05-15,48.88,48.88,48.51,49.82,48.51,49.19,1376936.0,67785540.0,2839.0,0.0354,0.9983959198000001,1915950500.0,20167900000.0,0.0063,156.3538,148.1781,14.9718,1.0,49.229,
688166.XSHG,688166,博瑞医药,XSHG,2020-05-18,49.19,49.19,49.01,49.32,47.82,47.82,1606515.0,77855004.0,3089.0,0.0412,0.9983959198000001,1862589000.0,19606200000.0,-0.0279,151.9991,144.0512,14.5548,1.0,48.461999999999996,
688166.XSHG,688166,博瑞医药,XSHG,2020-05-19,47.82,47.82,48.1,49.2,47.64,48.01,1191203.0,57215078.0,1981.0,0.0306,0.9983959198000001,1869989500.0,19684100000.0,0.004,152.6031,144.6236,14.6127,1.0,48.03100000000001,
688166.XSHG,688166,博瑞医药,XSHG,2020-05-20,48.01,48.01,48.15,48.59,47.08,47.08,1166255.0,55781135.0,2122.0,0.0299,0.9983959198000001,1833766000.0,19302800000.0,-0.0194,149.64700000000005,141.8221,14.3296,1.0,47.82899999999999,
688166.XSHG,688166,博瑞医药,XSHG,2020-05-21,47.08,47.08,47.2,48.29,46.5,46.65,1255956.0,59438788.0,2150.0,0.0322,0.9983959198000001,1817017500.0,19126500000.0,-0.0091,148.2802,140.5267,14.1987,1.0,47.326,
688166.XSHG,688166,博瑞医药,XSHG,2020-05-22,46.65,46.65,46.65,46.88,44.82,45.04,1176436.0,53383786.0,2170.0,0.0302,0.9983959198000001,1754308000.0,18466400000.0,-0.0345,143.1627,135.6768,13.7087,1.0,45.378,
688166.XSHG,688166,博瑞医药,XSHG,2020-05-25,45.04,45.04,44.65,45.64,44.6,45.29,677074.0,30492019.0,1430.0,0.0174,0.9983959198000001,1764045500.0,18568900000.0,0.0056,143.9574,136.4299,13.7848,1.0,45.035,
688166.XSHG,688166,博瑞医药,XSHG,2020-05-26,45.29,45.29,45.63,46.59,45.53,46.52,891982.0,41068438.0,1249.0,0.0229,0.9983959198000001,1811954000.0,19073200000.0,0.0272,147.86700000000005,140.1351,14.1591,1.0,46.042,
688166.XSHG,688166,博瑞医药,XSHG,2020-05-27,46.52,46.52,46.55,47.29,45.01,45.4,885644.0,40853607.0,1345.0,0.0227,0.9983959198000001,1768330000.0,18614000000.0,-0.0241,144.30700000000004,136.7613,13.8183,1.0,46.129,
688166.XSHG,688166,博瑞医药,XSHG,2020-05-28,45.4,45.4,45.02,45.5,43.72,45.03,884759.0,39531078.0,1634.0,0.0227,0.9983959198000001,1753918500.0,18462300000.0,-0.0081,143.1309,135.6467,13.7056,1.0,44.68,
688166.XSHG,688166,博瑞医药,XSHG,2020-05-29,45.03,45.03,45.03,46.1,44.37,45.6,777820.0,35506133.0,1484.0,0.02,0.9983959198000001,1776120000.0,18696000000.0,0.0127,144.9427,137.3638,13.8791,1.0,45.648,
688166.XSHG,688166,博瑞医药,XSHG,2020-06-01,45.6,45.6,46.55,48.98,46.34,48.78,2249616.0,108544944.0,4063.0,0.0578,0.9983959198000001,1899981000.0,19999800000.0,0.0697,155.0506,146.9431,14.847000000000001,1.0,48.25,
688166.XSHG,688166,博瑞医药,XSHG,2020-06-02,48.78,48.78,48.88,49.27,48.2,48.75,1138156.0,55476921.0,1965.0,0.0292,0.9983959198000001,1898812500.0,19987500000.0,-0.0006,154.9552,146.8527,14.8379,1.0,48.743,
688166.XSHG,688166,博瑞医药,XSHG,2020-06-03,48.75,48.75,49.49,49.94,48.5,49.54,1404181.0,69350741.0,2640.0,0.0361,0.9983959198000001,1929583000.0,20311400000.0,0.0162,157.4663,149.2325,15.0783,1.0,49.388999999999996,
688166.XSHG,688166,博瑞医药,XSHG,2020-06-04,49.54,49.54,50.12,50.78,48.85,49.59,1303460.0,64941764.0,2169.0,0.0335,0.9983959198000001,1931530500.0,20331900000.0,0.001,157.6252,149.3831,15.0936,1.0,49.823,
688166.XSHG,688166,博瑞医药,XSHG,2020-06-05,49.59,49.59,49.01,51.95,48.7,51.12,1900538.0,96077182.0,3329.0,0.0488,0.9983959198000001,1991124000.0,20959200000.0,0.0309,162.4884,153.99200000000005,15.5592,1.0,50.553000000000004,
688166.XSHG,688166,博瑞医药,XSHG,2020-06-08,51.04,51.12,51.2,51.51,48.83,48.9,1334036.0,66755242.0,2533.0,0.0342,1.0,1904655000.0,20049000000.0,-0.0419,155.43200000000004,147.3046,14.8835,1.0,50.04,
688166.XSHG,688166,博瑞医药,XSHG,2020-06-09,48.9,48.9,50.0,53.52,49.51,51.78,2641504.0,137380000.0,3965.0,0.0678,1.0,2016831000.0,21229800000.0,0.0589,164.5863,155.9802,15.7601,1.0,52.008,
688166.XSHG,688166,博瑞医药,XSHG,2020-06-10,51.78,51.78,50.99,53.33,49.88,52.35,2171319.0,112245874.0,3597.0,0.0557,1.0,2039032500.0,21463500000.0,0.011000000000000001,166.3981,157.6972,15.9336,1.0,51.695,
688166.XSHG,688166,博瑞医药,XSHG,2020-06-11,52.35,52.35,52.1,53.39,50.88,51.37,1887828.0,97953937.0,3721.0,0.0485,1.0,2000861500.0,21061700000.0,-0.0187,163.2831,154.7451,15.6353,1.0,51.887,
688166.XSHG,688166,博瑞医药,XSHG,2020-06-12,51.37,51.37,50.99,54.43,49.38,52.95,2573483.0,136035127.0,4285.0,0.0661,1.0,2062402500.0,21709500000.0,0.0308,168.3052,159.5046,16.1162,1.0,52.86,
688166.XSHG,688166,博瑞医药,XSHG,2020-06-15,52.95,52.95,54.21,56.5,52.99,56.49,2885549.0,157991310.0,4768.0,0.0741,1.0,2200285500.0,23160900000.0,0.0669,179.5573,170.1684,17.1937,1.0,54.753,
688166.XSHG,688166,博瑞医药,XSHG,2020-06-16,56.49,56.49,56.0,63.0,54.28,58.78,4354449.0,255252550.0,7026.0,0.1118,1.0,2289481000.0,24099800000.0,0.0405,186.8362,177.0667,17.8907,1.0,58.619,
688166.XSHG,688166,博瑞医药,XSHG,2020-06-17,58.78,58.78,58.25,61.89,57.01,57.3,3389582.0,201642598.0,5127.0,0.087,1.0,2231835000.0,23493000000.0,-0.0252,182.132,172.6084,17.4402,1.0,59.489,
688166.XSHG,688166,博瑞医药,XSHG,2020-06-18,57.3,57.3,57.3,58.44,54.8,54.91,2352873.0,131053835.0,4057.0,0.0604,1.0,2138744500.0,22513100000.0,-0.0417,174.5352,165.4089,16.7128,1.0,55.699,
688166.XSHG,688166,博瑞医药,XSHG,2020-06-19,54.91,54.91,55.23,55.87,54.54,55.49,1358121.0,75178973.0,2571.0,0.0349,1.0,2161335500.0,22750900000.0,0.0106,176.3788,167.15599999999995,16.8893,1.0,55.355,
688166.XSHG,688166,博瑞医药,XSHG,2020-06-22,55.49,55.49,55.35,60.38,55.11,59.65,2120926.0,123413607.0,4211.0,0.0545,1.0,2323367500.0,24456500000.0,0.075,189.6016,179.6875,18.1555,1.0,58.18899999999999,
688166.XSHG,688166,博瑞医药,XSHG,2020-06-23,59.65,59.65,60.1,62.78,60.1,61.09,2286699.0,140461693.0,4854.0,0.0587,1.0,2379455500.0,25046900000.0,0.0241,194.1787,184.0253,18.5938,1.0,61.426,
688166.XSHG,688166,博瑞医药,XSHG,2020-06-24,61.09,61.09,60.33,63.03,59.31,61.2,1508539.0,91633556.0,2750.0,0.0387,1.0,2383740000.0,25092000000.0,0.0018,194.5284,184.3566,18.6273,1.0,60.743,
688166.XSHG,688166,博瑞医药,XSHG,2020-06-29,61.2,61.2,61.2,62.7,59.99,61.28,1279821.0,78479792.0,2242.0,0.0329,1.0,2386856000.0,25124800000.0,0.0013,194.7827,184.5976,18.6516,1.0,61.32100000000001,
688166.XSHG,688166,博瑞医药,XSHG,2020-06-30,61.28,61.28,61.98,63.59,61.0,61.89,1492223.0,92976326.0,2768.0,0.0383,1.0,2410615500.0,25374900000.0,0.01,196.7216,186.4352,18.8373,1.0,62.306999999999995,
688166.XSHG,688166,博瑞医药,XSHG,2020-07-01,61.89,61.89,62.28,62.64,58.16,58.7,2257667.0,134530237.0,3916.0,0.057999999999999996,1.0,2286365000.0,24067000000.0,-0.0515,186.582,176.8257,17.8663,1.0,59.588,
688166.XSHG,688166,博瑞医药,XSHG,2020-07-02,58.7,58.7,58.97,59.47,56.06,56.97,1886228.0,108504429.0,3718.0,0.0484,1.0,2218981500.0,23357700000.0,-0.0295,181.083,171.6143,17.3398,1.0,57.525,
688166.XSHG,688166,博瑞医药,XSHG,2020-07-03,56.97,56.97,57.0,57.97,56.18,57.74,1178066.0,67524280.0,2183.0,0.0302,1.0,2248973000.0,23673400000.0,0.0135,183.5305,173.9339,17.5741,1.0,57.31800000000001,
688166.XSHG,688166,博瑞医药,XSHG,2020-07-06,57.74,57.74,57.3,59.09,57.17,58.53,1613467.0,94054936.0,2972.0,0.0414,1.0,2279743500.0,23997300000.0,0.0137,186.0416,176.3136,17.8146,1.0,58.294,
688166.XSHG,688166,博瑞医药,XSHG,2020-07-07,58.53,58.53,59.11,60.49,57.48,59.78,2736634.0,161868803.0,5049.0,0.0703,1.0,2328431000.0,24509800000.0,0.0214,190.0148,180.0791,18.1951,1.0,59.148999999999994,
688166.XSHG,688166,博瑞医药,XSHG,2020-07-08,59.78,59.78,59.67,59.85,58.4,59.35,1918661.0,113305899.0,3417.0,0.0493,1.0,2311682500.0,24333500000.0,-0.0072,188.648,178.7838,18.0642,1.0,59.055,
688166.XSHG,688166,博瑞医药,XSHG,2020-07-09,59.35,59.35,59.37,61.94,58.68,61.83,2918048.0,177643598.0,4605.0,0.0749,1.0,2408278500.0,25350300000.0,0.0418,196.5309,186.2544,18.819000000000006,1.0,60.878,
688166.XSHG,688166,博瑞医药,XSHG,2020-07-10,61.83,61.83,61.4,64.78,60.62,63.0,2426307.0,153389593.0,4058.0,0.0623,1.0,2453850000.0,25830000000.0,0.0189,200.2498,189.7789,19.1751,1.0,63.218999999999994,
688166.XSHG,688166,博瑞医药,XSHG,2020-07-13,63.0,63.0,64.6,67.65,63.49,67.49,2715728.0,179160000.0,4378.0,0.0697,1.0,2628735500.0,27670900000.0,0.0713,214.5216,203.3044,20.5417,1.0,65.971,
688166.XSHG,688166,博瑞医药,XSHG,2020-07-14,67.49,67.49,66.75,72.43,64.63,65.58,3158826.0,217619954.0,5149.0,0.0811,1.0,2554341000.0,26887800000.0,-0.0283,208.4505,197.5508,19.9604,1.0,68.893,
688166.XSHG,688166,博瑞医药,XSHG,2020-07-15,65.58,65.58,67.0,71.18,65.63,66.05,3300223.0,226530921.0,5763.0,0.0847,1.0,2572647500.0,27080500000.0,0.0072,209.9444,198.9666,20.1034,1.0,68.641,
688166.XSHG,688166,博瑞医药,XSHG,2020-07-16,66.05,66.05,63.36,64.81,58.13,58.59,3169600.0,193381320.0,5088.0,0.0814,1.0,2282080500.0,24021900000.0,-0.1129,186.2323,176.4944,17.8329,1.0,61.011,
688166.XSHG,688166,博瑞医药,XSHG,2020-07-17,58.59,58.59,57.48,62.63,57.48,60.35,2227183.0,135273679.0,4492.0,0.0572,1.0,2350632500.0,24743500000.0,0.03,191.8266,181.7961,18.3685,1.0,60.738,
688166.XSHG,688166,博瑞医药,XSHG,2020-07-20,60.35,60.35,60.64,62.34,57.7,61.96,1480633.0,89280592.0,3162.0,0.038,1.0,2413342000.0,25403600000.0,0.0267,196.9441,186.646,18.8586,1.0,60.299,
688166.XSHG,688166,博瑞医药,XSHG,2020-07-21,61.96,61.96,61.51,62.69,60.08,60.99,1122162.0,68676631.0,2336.0,0.0288,1.0,2375560500.0,25005900000.0,-0.0157,193.8609,183.72400000000002,18.5633,1.0,61.2,
688166.XSHG,688166,博瑞医药,XSHG,2020-07-22,60.99,60.99,60.78,64.49,60.39,63.4,1541009.0,96667597.0,2411.0,0.0396,1.0,2469430000.0,25994000000.0,0.0395,201.5212,190.9838,19.2969,1.0,62.73,
688166.XSHG,688166,博瑞医药,XSHG,2020-07-23,63.4,63.4,63.58,64.77,61.02,63.73,1133995.0,71688316.0,2177.0,0.0291,1.0,2482283500.0,26129300000.0,0.0052,202.5702,191.9779,19.3973,1.0,63.217,
688166.XSHG,688166,博瑞医药,XSHG,2020-07-24,63.73,63.73,63.72,63.72,56.2,56.9,1744611.0,103913709.0,3040.0,0.0448,1.0,2216255000.0,23329000000.0,-0.1072,180.8605,171.4035,17.3185,1.0,59.563,
688166.XSHG,688166,博瑞医药,XSHG,2020-07-27,56.9,56.9,56.91,58.46,53.01,53.7,1831769.0,101080475.0,3275.0,0.047,1.0,2091615000.0,22017000000.0,-0.0562,170.6891,161.7639,16.3445,1.0,55.181999999999995,
688166.XSHG,688166,博瑞医药,XSHG,2020-07-28,53.7,53.7,55.3,55.3,52.58,54.78,1018172.0,55051332.0,1991.0,0.0261,1.0,2133681000.0,22459800000.0,0.0201,174.122,165.0173,16.6732,1.0,54.068999999999996,
688166.XSHG,688166,博瑞医药,XSHG,2020-07-29,54.78,54.78,55.78,58.6,53.69,58.6,1498721.0,85138360.0,2599.0,0.0385,1.0,2282470000.0,24026000000.0,0.0697,186.2641,176.5245,17.8359,1.0,56.806999999999995,
688166.XSHG,688166,博瑞医药,XSHG,2020-07-30,58.6,58.6,58.12,60.55,57.85,58.25,1234826.0,72920348.0,2281.0,0.0317,1.0,2268837500.0,23882500000.0,-0.006,185.1516,175.4702,17.7294,1.0,59.053000000000004,
688166.XSHG,688166,博瑞医药,XSHG,2020-07-31,58.25,58.25,57.92,60.0,56.69,59.36,1282564.0,75376799.0,2310.0,0.0329,1.0,2312072000.0,24337600000.0,0.0191,188.6798,178.8139,18.0672,1.0,58.77,
688166.XSHG,688166,博瑞医药,XSHG,2020-08-03,59.36,59.36,59.48,60.88,59.48,60.43,1093141.0,65876871.0,2025.0,0.0281,1.0,2353748500.0,24776300000.0,0.018000000000000002,192.0809,182.0371,18.3929,1.0,60.263999999999996,
688166.XSHG,688166,博瑞医药,XSHG,2020-08-04,60.43,60.43,60.47,61.88,57.7,58.0,1291970.0,76804133.0,2357.0,0.0332,1.0,2259100000.0,23780000000.0,-0.0402,184.357,174.7171,17.6533,1.0,59.446999999999996,
688166.XSHG,688166,博瑞医药,XSHG,2020-08-05,58.0,58.0,58.36,58.36,56.78,56.91,1603593.0,91642525.0,2741.0,0.0412,1.0,2216644500.0,23333100000.0,-0.0188,180.8923,171.4336,17.3215,1.0,57.148,
688166.XSHG,688166,博瑞医药,XSHG,2020-08-06,56.91,56.91,56.91,57.75,55.58,56.79,850784.0,48095946.0,1834.0,0.0218,1.0,2211970500.0,23283900000.0,-0.0021,180.5109,171.0721,17.285,1.0,56.53100000000001,
688166.XSHG,688166,博瑞医药,XSHG,2020-08-07,56.79,56.79,56.79,57.6,54.61,55.74,872232.0,48811927.0,1738.0,0.0224,1.0,2171073000.0,22853400000.0,-0.0185,177.1734,167.9091,16.9654,1.0,55.961999999999996,
688166.XSHG,688166,博瑞医药,XSHG,2020-08-10,55.74,55.74,55.18,56.69,54.5,55.8,663282.0,36640486.0,1178.0,0.017,1.0,2173410000.0,22878000000.0,0.0011,177.3641,168.0899,16.9837,1.0,55.24100000000001,
688166.XSHG,688166,博瑞医药,XSHG,2020-08-11,55.8,55.8,56.0,56.65,52.2,52.35,1153370.0,62705145.0,1870.0,0.0296,1.0,2039032500.0,21463500000.0,-0.0618,166.3981,157.6972,15.9336,1.0,54.367,
688166.XSHG,688166,博瑞医药,XSHG,2020-08-12,52.35,52.35,52.0,53.23,50.1,52.56,964150.0,49564580.0,2095.0,0.0248,1.0,2047212000.0,21549600000.0,0.004,150.2216,146.1533,16.0242,1.0,51.408,
688166.XSHG,688166,博瑞医药,XSHG,2020-08-13,52.56,52.56,52.98,53.34,51.65,53.08,490905.0,25841367.0,1030.0,0.0126,1.0,2067466000.0,21762800000.0,0.0099,151.7078,147.5993,16.1828,1.0,52.64,
688166.XSHG,688166,博瑞医药,XSHG,2020-08-14,53.08,53.08,53.24,53.89,50.89,51.71,743124.0,38738413.0,1730.0,0.0191,1.0,2014104500.0,21201100000.0,-0.0258,147.7922,143.7897,15.7651,1.0,52.129,
688166.XSHG,688166,博瑞医药,XSHG,2020-08-17,51.71,51.71,51.8,54.5,51.17,54.18,1076212.0,57033702.0,1812.0,0.0276,1.0,2110311000.0,22213800000.0,0.0478,154.8517,150.658,16.5181,1.0,52.995,
688166.XSHG,688166,博瑞医药,XSHG,2020-08-18,54.18,54.18,53.02,55.3,52.77,54.9,1046522.0,57023441.0,1940.0,0.0269,1.0,2138355000.0,22509000000.0,0.0133,156.9095,152.6601,16.7376,1.0,54.489,
688166.XSHG,688166,博瑞医药,XSHG,2020-08-19,54.9,54.9,55.55,55.89,53.63,54.5,710409.0,38980089.0,1458.0,0.0182,1.0,2122775000.0,22345000000.0,-0.0073,155.7663,151.5478,16.6157,1.0,54.87,
688166.XSHG,688166,博瑞医药,XSHG,2020-08-20,54.5,54.5,54.0,56.01,53.88,54.37,764649.0,42132764.0,1354.0,0.0196,1.0,2117711500.0,22291700000.0,-0.0024,155.3947,151.1864,16.5761,1.0,55.101000000000006,
688166.XSHG,688166,博瑞医药,XSHG,2020-08-21,54.37,54.37,55.44,56.48,54.58,55.0,889474.0,49501615.0,1579.0,0.0228,1.0,2142250000.0,22550000000.0,0.0116,157.1953,152.9382,16.7681,1.0,55.653,
688166.XSHG,688166,博瑞医药,XSHG,2020-08-24,55.0,55.0,55.06,56.35,52.83,54.92,714713.0,38710936.0,1622.0,0.0183,1.0,2139134000.0,22517200000.0,-0.0015,156.9667,152.7157,16.7437,1.0,54.163000000000004,
688166.XSHG,688166,博瑞医药,XSHG,2020-08-25,54.92,54.92,54.62,55.55,53.3,53.58,623895.0,33655344.0,1579.0,0.016,1.0,2086941000.0,21967800000.0,-0.0244,153.1368,148.9896,16.3352,1.0,53.943999999999996,
688166.XSHG,688166,博瑞医药,XSHG,2020-08-26,53.58,53.58,53.57,54.36,51.79,52.22,724902.0,38353863.0,1646.0,0.0186,1.0,2033969000.0,21410200000.0,-0.0254,149.2498,145.2079,15.9206,1.0,52.909,
688166.XSHG,688166,博瑞医药,XSHG,2020-08-27,52.22,52.22,52.38,53.2,51.15,52.88,648600.0,34139755.0,1243.0,0.0167,1.0,2059676000.0,21680800000.0,0.0126,151.1361,147.0431,16.1218,1.0,52.636,
688166.XSHG,688166,博瑞医药,XSHG,2020-08-28,52.88,52.88,52.25,56.33,52.05,55.8,1053774.0,57860353.0,2493.0,0.0271,1.0,2173410000.0,22878000000.0,0.0552,159.4818,155.1627,17.012,1.0,54.908,
688166.XSHG,688166,博瑞医药,XSHG,2020-08-31,55.8,55.8,56.01,57.8,55.29,56.65,859009.0,48732664.0,1890.0,0.0221,1.0,2206517500.0,23226500000.0,0.0152,161.9112,157.5263,17.2712,1.0,56.731,
688166.XSHG,688166,博瑞医药,XSHG,2020-09-01,56.65,56.65,56.38,57.45,52.5,53.4,1328489.0,72274390.0,2935.0,0.0341,1.0,2079930000.0,21894000000.0,-0.0574,152.6224,148.4891,16.2803,1.0,54.403,
688166.XSHG,688166,博瑞医药,XSHG,2020-09-02,53.4,53.4,53.96,54.36,52.53,52.79,792799.0,42188649.0,2125.0,0.0204,1.0,2056170500.0,21643900000.0,-0.0114,150.8789,146.7929,16.0944,1.0,53.215,
688166.XSHG,688166,博瑞医药,XSHG,2020-09-03,52.79,52.79,52.5,53.8,51.79,52.24,915492.0,48039643.0,2250.0,0.0235,1.0,2034748000.0,21418400000.0,-0.0104,149.30700000000004,145.2635,15.9267,1.0,52.474,
688166.XSHG,688166,博瑞医药,XSHG,2020-09-04,52.24,52.24,51.52,53.38,50.5,52.9,1034980.0,54095118.0,2337.0,0.0266,1.0,2060455000.0,21689000000.0,0.0126,151.1933,147.0987,16.1279,1.0,52.266999999999996,
688166.XSHG,688166,博瑞医药,XSHG,2020-09-07,52.9,52.9,52.6,55.14,52.08,52.18,1782860.0,96872781.0,3470.0,0.0458,1.0,2032411000.0,21393800000.0,-0.0136,149.1355,145.0966,15.9084,1.0,54.33600000000001,
688166.XSHG,688166,博瑞医药,XSHG,2020-09-08,52.18,52.18,53.09,54.68,51.67,54.21,868227.0,46362563.0,1995.0,0.0223,1.0,2111479500.0,22226100000.0,0.0389,154.9374,150.7414,16.5273,1.0,53.398999999999994,
688166.XSHG,688166,博瑞医药,XSHG,2020-09-09,54.21,54.21,53.39,54.7,52.54,52.83,814498.0,43768355.0,1745.0,0.0209,1.0,2057728500.0,21660300000.0,-0.0255,150.9932,146.9041,16.1066,1.0,53.736999999999995,
688166.XSHG,688166,博瑞医药,XSHG,2020-09-10,52.83,52.83,53.49,53.96,50.83,51.6,511541.0,26680128.0,1387.0,0.0131,1.0,2009820000.0,21156000000.0,-0.0233,147.4778,143.4838,15.7316,1.0,52.15600000000001,
688166.XSHG,688166,博瑞医药,XSHG,2020-09-11,51.6,51.6,51.6,51.88,50.68,51.87,314116.0,16101474.0,919.0,0.0081,1.0,2020336500.0,21266700000.0,0.0052,148.2495,144.2346,15.8139,1.0,51.26,
688166.XSHG,688166,博瑞医药,XSHG,2020-09-14,51.87,51.87,53.02,53.25,50.15,51.51,854209.0,43773087.0,2366.0,0.0219,1.0,2006314500.0,21119100000.0,-0.0069,147.2206,143.2336,15.7041,1.0,51.244,
688166.XSHG,688166,博瑞医药,XSHG,2020-09-15,51.51,51.51,51.51,52.04,50.67,50.93,375334.0,19182355.0,835.0,0.0096,1.0,1983723500.0,20881300000.0,-0.0113,145.5629,141.6208,15.5273,1.0,51.107,
688166.XSHG,688166,博瑞医药,XSHG,2020-09-16,50.93,50.93,50.77,51.8,49.1,49.79,606902.0,30525479.0,1414.0,0.0156,1.0,1939320500.0,20413900000.0,-0.0224,142.3046,138.4508,15.1797,1.0,50.297,
688166.XSHG,688166,博瑞医药,XSHG,2020-09-17,49.79,49.79,49.11,50.57,48.38,49.89,887902.0,43806167.0,2023.0,0.0228,1.0,1943215500.0,20454900000.0,0.002,142.5904,138.7288,15.2102,1.0,49.336999999999996,
688166.XSHG,688166,博瑞医药,XSHG,2020-09-18,49.89,49.89,48.4,50.5,48.4,49.75,678548.0,33828455.0,1854.0,0.0174,1.0,1937762500.0,20397500000.0,-0.0028,142.1903,138.3395,15.1675,1.0,49.854,
688166.XSHG,688166,博瑞医药,XSHG,2020-09-21,49.75,49.75,49.76,50.39,49.0,49.4,755534.0,37313534.0,1963.0,0.0194,1.0,1924130000.0,20254000000.0,-0.006999999999999999,141.19,137.3663,15.0608,1.0,49.387,
688166.XSHG,688166,博瑞医药,XSHG,2020-09-22,49.4,49.4,49.38,50.73,48.52,50.61,827044.0,41465595.0,2266.0,0.0212,1.0,1971259500.0,20750100000.0,0.0245,144.6483,140.7309,15.4297,1.0,50.137,
688166.XSHG,688166,博瑞医药,XSHG,2020-09-23,50.61,50.61,51.26,54.58,49.69,53.4,1738177.0,91702953.0,4654.0,0.0446,1.0,2079930000.0,21894000000.0,0.0551,152.6224,148.4891,16.2803,1.0,52.758,
688166.XSHG,688166,博瑞医药,XSHG,2020-09-24,53.4,53.4,52.34,54.66,51.8,53.49,1390748.0,74489897.0,3958.0,0.0357,1.0,2083435500.0,21930900000.0,0.0017,152.8796,148.7393,16.3078,1.0,53.56100000000001,
688166.XSHG,688166,博瑞医药,XSHG,2020-09-25,53.49,53.49,53.98,55.5,53.02,54.24,898106.0,48888736.0,2647.0,0.0231,1.0,2112648000.0,22238400000.0,0.013999999999999999,155.0232,150.8249,16.5364,1.0,54.435,
688166.XSHG,688166,博瑞医药,XSHG,2020-09-28,54.24,54.24,54.25,55.45,52.69,53.36,429248.0,22999004.0,1292.0,0.011000000000000001,1.0,2078372000.0,21877600000.0,-0.0162,152.50799999999995,148.3779,16.2681,1.0,53.58,
688166.XSHG,688166,博瑞医药,XSHG,2020-09-29,53.36,53.36,53.36,56.38,53.35,55.32,1209457.0,66869640.0,3351.0,0.0311,1.0,2154714000.0,22681200000.0,0.0367,158.1099,153.828,16.8657,1.0,55.288999999999994,
688166.XSHG,688166,博瑞医药,XSHG,2020-09-30,55.32,55.32,55.99,57.98,55.55,56.69,1400647.0,80036032.0,3888.0,0.036000000000000004,1.0,2208075500.0,23242900000.0,0.0248,162.0255,157.6376,17.2834,1.0,57.141999999999996,
688166.XSHG,688166,博瑞医药,XSHG,2020-10-09,56.69,56.69,56.73,59.6,56.73,59.3,1298961.0,76375066.0,2699.0,0.0333,1.0,2309735000.0,24313000000.0,0.046,169.4851,164.8952,18.0791,1.0,58.797,
688166.XSHG,688166,博瑞医药,XSHG,2020-10-12,59.3,59.3,59.14,60.29,57.5,59.39,1312779.0,76770714.0,3372.0,0.0337,1.0,2313240500.0,24349900000.0,0.0015,169.7424,165.1454,18.1065,1.0,58.48,
688166.XSHG,688166,博瑞医药,XSHG,2020-10-13,59.39,59.39,58.99,60.5,58.16,58.99,997597.0,59154134.0,2428.0,0.0256,1.0,2297660500.0,24185900000.0,-0.0067,168.5991,164.0332,17.9846,1.0,59.297,
688166.XSHG,688166,博瑞医药,XSHG,2020-10-14,58.99,58.99,58.88,59.61,58.21,59.04,716427.0,42091725.0,1961.0,0.0184,1.0,2299608000.0,24206400000.0,0.0008,168.74200000000005,164.1722,17.9998,1.0,58.751999999999995,
688166.XSHG,688166,博瑞医药,XSHG,2020-10-15,59.04,59.04,59.21,60.36,58.59,59.0,931474.0,55447619.0,2262.0,0.0239,1.0,2298050000.0,24190000000.0,-0.0007,168.6277,164.06099999999995,17.9876,1.0,59.527,
688166.XSHG,688166,博瑞医药,XSHG,2020-10-16,59.0,59.0,58.89,59.61,57.2,58.13,852619.0,49517412.0,2138.0,0.0219,1.0,2264163500.0,23833300000.0,-0.0147,166.1412,161.6418,17.7224,1.0,58.077,
688166.XSHG,688166,博瑞医药,XSHG,2020-10-19,58.13,58.13,58.26,58.68,56.53,56.82,629395.0,36120582.0,2062.0,0.0162,1.0,2213139000.0,23296200000.0,-0.0225,137.8101,143.5288,16.7814,1.0,57.388999999999996,
688166.XSHG,688166,博瑞医药,XSHG,2020-10-20,56.82,56.82,56.98,57.88,56.24,57.88,533510.0,30594768.0,1412.0,0.0137,1.0,2254426000.0,23730800000.0,0.0187,140.381,146.2064,17.0944,1.0,57.346000000000004,
688166.XSHG,688166,博瑞医药,XSHG,2020-10-21,57.88,57.88,58.19,59.2,55.51,56.68,810880.0,46299203.0,2499.0,0.0208,1.0,2207686000.0,23238800000.0,-0.0207,137.4705,143.1752,16.74,1.0,57.097,
688166.XSHG,688166,博瑞医药,XSHG,2020-10-22,56.68,56.68,56.68,56.68,54.7,55.43,611958.0,34130659.0,1632.0,0.0157,1.0,2158998500.0,22726300000.0,-0.0221,134.4388,140.0176,16.3708,1.0,55.773,
688166.XSHG,688166,博瑞医药,XSHG,2020-10-23,55.43,55.43,56.53,58.69,55.94,57.09,1089888.0,62914869.0,2772.0,0.027999999999999997,1.0,2223655500.0,23406900000.0,0.0299,138.4649,144.2108,16.8611,1.0,57.726000000000006,
688166.XSHG,688166,博瑞医药,XSHG,2020-10-26,57.09,57.09,57.95,62.28,56.99,61.5,1465593.0,88433383.0,3226.0,0.0376,1.0,2395425000.0,25215000000.0,0.0772,149.1609,155.3506,18.1636,1.0,60.34,
688166.XSHG,688166,博瑞医药,XSHG,2020-10-27,61.5,61.5,61.54,62.38,60.0,61.15,999242.0,61284624.0,2668.0,0.0257,1.0,2381792500.0,25071500000.0,-0.0057,148.312,154.4665,18.0602,1.0,61.331,
