date,open,high,low,close,volume
2010-02-02,1.2,1.22,1.19,1.19,109165178
2010-02-03,1.19,1.24,1.17,1.23,73648643
2010-02-04,1.22,1.23,1.21,1.21,44427374
2010-02-05,1.18,1.2,1.18,1.19,45513584
2010-02-08,1.19,1.2,1.19,1.2,31662740
2010-02-09,1.2,1.2,1.19,1.2,20425053
2010-02-10,1.2,1.22,1.2,1.22,23307104
2010-02-11,1.22,1.23,1.22,1.22,22883673
2010-02-12,1.24,1.24,1.22,1.23,14729159
2010-02-22,1.23,1.23,1.22,1.22,34167685
2010-02-23,1.22,1.22,1.19,1.21,47424868
2010-02-24,1.2,1.23,1.19,1.23,42406177
2010-02-25,1.23,1.25,1.23,1.25,43758297
2010-02-26,1.25,1.25,1.24,1.24,25397446
2010-03-01,1.24,1.26,1.24,1.26,22780415
2010-03-02,1.25,1.27,1.25,1.26,30389913
2010-03-03,1.25,1.26,1.25,1.26,36223416
2010-03-04,1.26,1.27,1.23,1.23,42094454
2010-03-05,1.23,1.24,1.23,1.23,28872250
2010-03-08,1.24,1.25,1.23,1.24,30027016
2010-03-09,1.24,1.26,1.23,1.25,37281858
2010-03-10,1.25,1.25,1.24,1.24,38348036
2010-03-11,1.24,1.25,1.23,1.24,32848237
2010-03-12,1.24,1.24,1.22,1.22,35849014
2010-03-15,1.22,1.22,1.19,1.19,34377839
2010-03-16,1.19,1.2,1.18,1.2,32784418
2010-03-17,1.2,1.22,1.2,1.22,41969776
2010-03-18,1.22,1.24,1.22,1.22,30764289
2010-03-19,1.22,1.24,1.22,1.24,28617815
2010-03-22,1.24,1.24,1.23,1.24,21110147
2010-03-23,1.23,1.24,1.23,1.23,22190249
2010-03-24,1.23,1.24,1.23,1.23,41031184
2010-03-25,1.23,1.23,1.2,1.21,24840456
2010-03-26,1.21,1.23,1.2,1.22,18635528
2010-03-29,1.23,1.26,1.23,1.25,59149293
2010-03-30,1.25,1.26,1.25,1.26,29862126
2010-03-31,1.26,1.26,1.25,1.25,18840097
2010-04-01,1.25,1.27,1.25,1.27,30388589
2010-04-02,1.27,1.28,1.27,1.28,37037580
2010-04-06,1.28,1.28,1.26,1.27,23652497
2010-04-07,1.27,1.27,1.25,1.26,27502732
2010-04-08,1.26,1.26,1.24,1.25,24058322
2010-04-09,1.24,1.25,1.24,1.25,27636956
2010-04-12,1.26,1.26,1.23,1.24,32930282
2010-04-13,1.24,1.25,1.23,1.25,45292091
2010-04-14,1.25,1.25,1.24,1.25,27978654
2010-04-15,1.25,1.26,1.24,1.25,26677422
2010-04-16,1.25,1.25,1.23,1.24,19609438
2010-04-19,1.23,1.23,1.16,1.17,75478288
2010-04-20,1.16,1.17,1.14,1.15,60982350
2010-04-21,1.15,1.18,1.15,1.18,56470614
2010-04-22,1.17,1.18,1.16,1.17,23875298
2010-04-23,1.17,1.18,1.16,1.17,36844752
2010-04-26,1.17,1.17,1.16,1.16,22600534
2010-04-27,1.16,1.16,1.12,1.14,35559137
2010-04-28,1.12,1.14,1.12,1.13,41570697
2010-04-29,1.14,1.15,1.12,1.12,23879981
2010-04-30,1.12,1.13,1.1,1.11,26879510
2010-05-04,1.1,1.11,1.09,1.09,21026390
2010-05-05,1.09,1.1,1.06,1.1,31524189
2010-05-06,1.09,1.09,1.04,1.05,37337602
2010-05-07,1.03,1.03,1.01,1.01,73106629
2010-05-10,1.02,1.03,1.0,1.02,57728665
2010-05-11,1.04,1.05,1.01,1.01,59573155
2010-05-12,1.0,1.02,0.99,1.01,39632815
2010-05-13,1.01,1.04,1.01,1.04,32214256
2010-05-14,1.03,1.04,1.02,1.03,29415255
2010-05-17,1.02,1.02,0.97,0.98,36247134
2010-05-18,0.98,1.01,0.96,1.0,45562034
2010-05-19,0.99,1.01,0.98,1.0,29161550
2010-05-20,0.99,1.02,0.99,1.0,32679822
2010-05-21,0.98,1.02,0.97,1.02,47061764
2010-05-24,1.02,1.07,1.02,1.06,44147003
2010-05-25,1.05,1.05,1.03,1.04,25233885
2010-05-26,1.04,1.05,1.03,1.03,25412922
2010-05-27,1.03,1.06,1.02,1.05,33424745
2010-05-28,1.06,1.07,1.04,1.05,23888939
2010-05-31,1.04,1.06,1.02,1.03,21584752
2010-06-01,1.02,1.03,1.0,1.01,29024455
2010-06-02,1.01,1.02,1.0,1.02,21127117
2010-06-03,1.02,1.03,1.01,1.01,26370999
2010-06-04,1.01,1.02,1.01,1.02,11912452
2010-06-07,1.0,1.02,0.99,1.0,19528332
2010-06-08,1.0,1.01,1.0,1.0,29820588
2010-06-09,1.01,1.04,1.0,1.04,40003143
2010-06-10,1.03,1.04,1.02,1.03,21119684
2010-06-11,1.03,1.04,1.02,1.03,37619032
2010-06-17,1.03,1.04,1.02,1.02,15255860
2010-06-18,1.02,1.02,0.99,1.0,24059980
2010-06-21,1.01,1.04,0.99,1.03,30976810
2010-06-22,1.03,1.04,1.02,1.04,20144303
2010-06-23,1.03,1.04,1.02,1.03,17959818
2010-06-24,1.02,1.04,1.02,1.03,14264225
2010-06-25,1.02,1.03,1.01,1.01,17412938
2010-06-28,1.02,1.02,1.0,1.0,12685051
2010-06-29,1.0,1.01,0.96,0.96,45288395
2010-06-30,0.96,0.96,0.94,0.94,16480267
2010-07-01,0.94,0.95,0.92,0.92,42557982
2010-07-02,0.92,0.93,0.9,0.92,47250114
2010-07-05,0.91,0.92,0.9,0.92,26493753
2010-07-06,0.91,0.94,0.91,0.94,65980936
2010-07-07,0.94,0.95,0.94,0.95,33656489
2010-07-08,0.95,0.96,0.94,0.95,20116331
2010-07-09,0.94,0.99,0.94,0.98,33119526
2010-07-12,0.97,1.0,0.97,1.0,46130236
2010-07-13,0.99,0.99,0.98,0.98,33864673
2010-07-14,0.98,1.0,0.98,0.98,26051902
2010-07-15,0.98,1.0,0.97,0.97,47231635
2010-07-16,0.97,0.99,0.96,0.99,39463738
2010-07-19,0.98,1.02,0.97,1.01,77304498
2010-07-20,1.01,1.04,1.01,1.04,94564682
2010-07-21,1.04,1.05,1.03,1.04,72941671
2010-07-22,1.04,1.06,1.04,1.06,58387437
2010-07-23,1.06,1.07,1.05,1.06,99449927
2010-07-26,1.06,1.07,1.05,1.06,48968364
2010-07-27,1.06,1.07,1.06,1.06,40133597
2010-07-28,1.06,1.09,1.06,1.09,95418028
2010-07-29,1.09,1.1,1.08,1.1,60931567
2010-07-30,1.09,1.1,1.08,1.09,53735599
2010-08-02,1.09,1.12,1.09,1.12,60277047
2010-08-03,1.12,1.12,1.09,1.09,99088243
2010-08-04,1.09,1.1,1.07,1.1,129630498
2010-08-05,1.1,1.1,1.08,1.09,80703228
2010-08-06,1.08,1.11,1.07,1.11,89978414
2010-08-09,1.11,1.11,1.1,1.11,63261560
2010-08-10,1.1,1.11,1.08,1.08,62704852
2010-08-11,1.08,1.09,1.07,1.09,49462934
2010-08-12,1.08,1.1,1.07,1.08,46478277
2010-08-13,1.07,1.1,1.07,1.1,69806936
2010-08-16,1.09,1.13,1.09,1.12,72889263
2010-08-17,1.12,1.14,1.12,1.14,62790860
2010-08-18,1.14,1.14,1.13,1.14,65253122
2010-08-19,1.14,1.15,1.13,1.14,109644127
2010-08-20,1.14,1.14,1.12,1.12,63930514
2010-08-23,1.11,1.13,1.11,1.11,39756244
2010-08-24,1.11,1.14,1.11,1.13,76163984
2010-08-25,1.12,1.13,1.1,1.1,59660592
2010-08-26,1.11,1.12,1.1,1.11,38194432
2010-08-27,1.1,1.11,1.1,1.11,43410019
2010-08-30,1.11,1.14,1.11,1.14,56107994
2010-08-31,1.13,1.15,1.13,1.14,48243753
2010-09-01,1.15,1.16,1.12,1.14,54975545
2010-09-02,1.15,1.16,1.15,1.15,51158971
2010-09-03,1.15,1.16,1.14,1.15,54295762
2010-09-06,1.16,1.18,1.16,1.17,56723207
2010-09-07,1.17,1.18,1.17,1.17,39724515
2010-09-08,1.17,1.18,1.16,1.18,49069207
2010-09-09,1.18,1.18,1.15,1.15,47427479
2010-09-10,1.15,1.16,1.14,1.16,43085312
2010-09-13,1.16,1.18,1.16,1.17,46096141
2010-09-14,1.18,1.18,1.17,1.17,46308075
2010-09-15,1.18,1.18,1.14,1.15,35945331
2010-09-16,1.14,1.15,1.11,1.12,39683438
2010-09-17,1.12,1.14,1.12,1.13,36897603
2010-09-20,1.13,1.13,1.11,1.12,46047936
2010-09-21,1.12,1.15,1.12,1.13,27846271
2010-09-27,1.13,1.15,1.13,1.15,36768724
2010-09-28,1.15,1.15,1.13,1.13,18996746
2010-09-29,1.13,1.14,1.13,1.13,21609153
2010-09-30,1.12,1.16,1.12,1.15,33701740
2010-10-08,1.16,1.2,1.16,1.2,53753535
2010-10-11,1.22,1.24,1.21,1.23,54560190
2010-10-12,1.23,1.24,1.22,1.24,50206330
2010-10-13,1.24,1.27,1.24,1.27,56593158
2010-10-14,1.27,1.28,1.25,1.25,70823571
2010-10-15,1.25,1.29,1.25,1.28,70118683
2010-10-18,1.28,1.29,1.26,1.27,63090783
2010-10-19,1.27,1.3,1.26,1.3,67027757
2010-10-20,1.29,1.33,1.27,1.32,103927847
2010-10-21,1.32,1.33,1.3,1.32,79679260
2010-10-22,1.31,1.34,1.31,1.33,53718815
2010-10-25,1.33,1.38,1.33,1.38,148393308
2010-10-26,1.38,1.39,1.37,1.38,247188615
2010-10-27,1.37,1.39,1.35,1.35,136026187
2010-10-28,1.35,1.36,1.34,1.35,101107309
2010-10-29,1.35,1.36,1.33,1.34,62698277
2010-11-01,1.34,1.38,1.34,1.38,86138502
2010-11-02,1.38,1.4,1.37,1.37,120147225
2010-11-03,1.37,1.38,1.34,1.34,76226782
2010-11-04,1.34,1.37,1.34,1.36,62803262
2010-11-05,1.38,1.4,1.37,1.38,81208095
2010-11-08,1.38,1.38,1.37,1.38,69655839
2010-11-09,1.38,1.38,1.37,1.37,90418989
2010-11-10,1.37,1.38,1.36,1.37,64143341
2010-11-11,1.37,1.4,1.37,1.38,93437660
2010-11-12,1.36,1.37,1.27,1.27,190296581
2010-11-15,1.28,1.29,1.26,1.28,79409352
2010-11-16,1.28,1.28,1.22,1.22,79426812
2010-11-17,1.22,1.23,1.19,1.21,111781066
2010-11-18,1.21,1.22,1.2,1.22,76177595
2010-11-19,1.22,1.25,1.19,1.25,158247712
2010-11-22,1.22,1.25,1.22,1.24,56048729
2010-11-23,1.24,1.24,1.19,1.21,42883320
2010-11-24,1.21,1.25,1.21,1.25,37926184
2010-11-25,1.25,1.27,1.25,1.27,44644735
2010-11-26,1.27,1.27,1.25,1.27,36606618
2010-11-29,1.26,1.26,1.24,1.25,33777991
2010-11-30,1.25,1.27,1.21,1.24,96659345
2010-12-01,1.24,1.24,1.22,1.24,27501434
2010-12-02,1.25,1.26,1.25,1.25,23534714
2010-12-03,1.25,1.26,1.24,1.26,41308713
2010-12-06,1.26,1.27,1.25,1.26,43063226
2010-12-07,1.25,1.29,1.24,1.28,45768470
2010-12-08,1.28,1.3,1.27,1.28,60853681
2010-12-09,1.27,1.28,1.25,1.25,20717501
2010-12-10,1.25,1.27,1.24,1.26,38216942
2010-12-13,1.27,1.31,1.27,1.31,63974077
2010-12-14,1.32,1.32,1.31,1.31,51951255
2010-12-15,1.31,1.32,1.3,1.3,43843298
2010-12-16,1.3,1.31,1.29,1.3,31866567
2010-12-17,1.3,1.3,1.29,1.29,46912701
2010-12-20,1.3,1.31,1.24,1.27,27503722
2010-12-21,1.27,1.31,1.27,1.31,24195250
2010-12-22,1.3,1.32,1.29,1.3,52278168
2010-12-23,1.29,1.3,1.28,1.28,23594103
2010-12-24,1.27,1.28,1.26,1.27,42339644
2010-12-27,1.28,1.3,1.24,1.25,36147670
2010-12-28,1.24,1.25,1.22,1.22,42029573
2010-12-29,1.23,1.24,1.22,1.23,13997325
2010-12-30,1.23,1.24,1.22,1.23,19824238
2010-12-31,1.24,1.26,1.23,1.26,25027148
2011-01-04,1.26,1.29,1.26,1.29,29784500
2011-01-05,1.28,1.29,1.28,1.28,25679744
2011-01-06,1.28,1.3,1.27,1.28,17881579
2011-01-07,1.27,1.3,1.27,1.28,22246636
2011-01-10,1.27,1.28,1.25,1.25,17191507
2011-01-11,1.25,1.26,1.24,1.25,11046146
2011-01-12,1.26,1.27,1.24,1.26,11974382
2011-01-13,1.26,1.26,1.25,1.26,9761656
2011-01-14,1.25,1.26,1.24,1.24,9718607
2011-01-17,1.24,1.24,1.19,1.19,18860314
2011-01-18,1.19,1.2,1.18,1.19,27622899
2011-01-19,1.19,1.22,1.19,1.22,15790779
2011-01-20,1.22,1.22,1.17,1.18,13915881
2011-01-21,1.18,1.2,1.17,1.18,18844578
2011-01-24,1.18,1.18,1.16,1.17,12505648
2011-01-25,1.17,1.17,1.16,1.16,8693949
2011-01-26,1.16,1.18,1.16,1.18,10787482
2011-01-27,1.17,1.2,1.16,1.2,18877154
2011-01-28,1.19,1.21,1.19,1.2,15637545
2011-01-31,1.2,1.22,1.2,1.22,39849346
2011-02-01,1.22,1.22,1.21,1.22,6849290
2011-02-09,1.21,1.22,1.19,1.2,18994651
2011-02-10,1.19,1.24,1.19,1.24,34007889
2011-02-11,1.24,1.25,1.23,1.25,28165335
2011-02-14,1.25,1.29,1.25,1.29,70874118
2011-02-15,1.29,1.3,1.29,1.29,31239800
2011-02-16,1.29,1.3,1.28,1.3,27475837
2011-02-17,1.31,1.31,1.28,1.29,22193563
2011-02-18,1.29,1.29,1.27,1.28,29919453
2011-02-21,1.28,1.3,1.27,1.3,48200577
2011-02-22,1.3,1.31,1.26,1.26,48476004
2011-02-23,1.26,1.27,1.26,1.26,15304490
2011-02-24,1.26,1.27,1.26,1.27,23752887
2011-02-25,1.27,1.29,1.26,1.28,52425659
2011-02-28,1.28,1.31,1.27,1.3,46308664
2011-03-01,1.31,1.32,1.3,1.31,49635869
2011-03-02,1.3,1.31,1.29,1.3,51557730
2011-03-03,1.3,1.31,1.28,1.28,30108451
2011-03-04,1.29,1.31,1.28,1.31,44654139
2011-03-07,1.31,1.33,1.31,1.33,46522302
2011-03-08,1.33,1.33,1.32,1.33,29644179
2011-03-09,1.33,1.34,1.32,1.33,29698882
2011-03-10,1.32,1.33,1.31,1.31,25954461
2011-03-11,1.31,1.32,1.29,1.3,40821738
2011-03-14,1.3,1.31,1.29,1.31,22792050
2011-03-15,1.3,1.31,1.26,1.29,96453000
2011-03-16,1.29,1.3,1.28,1.3,51068617
2011-03-17,1.29,1.3,1.27,1.28,23568729
2011-03-18,1.29,1.3,1.28,1.29,34017865
2011-03-21,1.29,1.29,1.27,1.27,28655247
2011-03-22,1.28,1.28,1.26,1.28,28382674
2011-03-23,1.27,1.29,1.27,1.29,78381969
2011-03-24,1.29,1.3,1.28,1.28,14088635
2011-03-25,1.28,1.31,1.28,1.31,21311971
2011-03-28,1.31,1.31,1.29,1.29,17085850
2011-03-29,1.29,1.3,1.27,1.27,19679795
2011-03-30,1.27,1.29,1.26,1.27,27207636
2011-03-31,1.27,1.28,1.26,1.26,12994807
2011-04-01,1.26,1.28,1.26,1.28,10806675
2011-04-06,1.27,1.28,1.26,1.28,13827939
2011-04-07,1.27,1.3,1.27,1.3,16802754
2011-04-08,1.29,1.31,1.29,1.31,18366997
2011-04-11,1.31,1.32,1.3,1.3,17516783
2011-04-12,1.3,1.31,1.29,1.3,11886952
2011-04-13,1.29,1.32,1.29,1.32,16131524
2011-04-14,1.32,1.32,1.3,1.31,12819359
2011-04-15,1.3,1.31,1.29,1.3,17030334
2011-04-18,1.3,1.31,1.29,1.31,15006456
2011-04-19,1.3,1.3,1.28,1.28,14201087
2011-04-20,1.29,1.3,1.28,1.29,10131519
2011-04-21,1.29,1.3,1.29,1.29,17414288
2011-04-22,1.29,1.29,1.28,1.28,15875267
2011-04-25,1.28,1.28,1.27,1.27,17127086
2011-04-26,1.26,1.27,1.25,1.26,18798421
2011-04-27,1.26,1.27,1.24,1.25,26267034
2011-04-28,1.25,1.26,1.23,1.23,26733323
2011-04-29,1.23,1.25,1.23,1.25,19340979
2011-05-03,1.25,1.26,1.24,1.26,21717001
2011-05-04,1.25,1.25,1.22,1.22,21485476
2011-05-05,1.22,1.23,1.22,1.22,14598033
2011-05-06,1.22,1.23,1.21,1.22,20637902
2011-05-09,1.22,1.24,1.22,1.23,9811076
2011-05-10,1.23,1.24,1.22,1.24,13023155
2011-05-11,1.24,1.24,1.23,1.23,10342502
2011-05-12,1.23,1.24,1.22,1.22,10806769
2011-05-13,1.22,1.23,1.21,1.23,28716178
2011-05-16,1.23,1.24,1.22,1.22,14742161
2011-05-17,1.22,1.24,1.22,1.23,17431054
2011-05-18,1.22,1.24,1.22,1.24,13003472
2011-05-19,1.24,1.25,1.23,1.23,18338831
2011-05-20,1.23,1.24,1.23,1.23,12013056
2011-05-23,1.23,1.23,1.19,1.19,19687061
2011-05-24,1.19,1.19,1.18,1.19,17902367
2011-05-25,1.19,1.2,1.18,1.18,18378620
2011-05-26,1.18,1.19,1.17,1.17,16422335
2011-05-27,1.17,1.18,1.17,1.17,22685075
2011-05-30,1.17,1.18,1.16,1.17,16891273
2011-05-31,1.17,1.18,1.16,1.18,13560208
2011-06-01,1.18,1.19,1.18,1.19,18545199
2011-06-02,1.18,1.18,1.15,1.17,20190616
2011-06-03,1.17,1.19,1.17,1.18,11171865
2011-06-07,1.18,1.19,1.18,1.19,14552336
2011-06-08,1.19,1.2,1.18,1.19,16545580
2011-06-09,1.19,1.19,1.17,1.17,9922620
2011-06-10,1.17,1.18,1.16,1.18,11876501
2011-06-13,1.17,1.17,1.16,1.17,15976748
2011-06-14,1.17,1.19,1.17,1.19,14532537
2011-06-15,1.19,1.2,1.18,1.18,14657225
2011-06-16,1.18,1.18,1.16,1.16,16689597
2011-06-17,1.16,1.17,1.16,1.16,7812446
2011-06-20,1.16,1.16,1.15,1.15,12334650
2011-06-21,1.16,1.17,1.16,1.17,26111383
2011-06-22,1.17,1.18,1.17,1.17,18235477
2011-06-23,1.17,1.2,1.17,1.2,30967802
2011-06-24,1.2,1.23,1.2,1.22,21961438
2011-06-27,1.22,1.23,1.21,1.22,14383875
2011-06-28,1.22,1.23,1.21,1.22,15907331
2011-06-29,1.22,1.23,1.21,1.21,8662183
2011-06-30,1.21,1.23,1.21,1.23,23477527
2011-07-01,1.23,1.24,1.23,1.24,40205432
2011-07-04,1.24,1.27,1.24,1.26,14128418
2011-07-05,1.26,1.27,1.26,1.26,28118659
2011-07-06,1.26,1.26,1.25,1.26,15974672
2011-07-07,1.26,1.28,1.25,1.25,29397625
2011-07-08,1.25,1.27,1.25,1.26,12188456
2011-07-11,1.26,1.27,1.25,1.27,24995213
2011-07-12,1.26,1.26,1.24,1.25,25066499
2011-07-13,1.25,1.27,1.25,1.27,10700467
2011-07-14,1.27,1.28,1.26,1.26,22364681
2011-07-15,1.26,1.27,1.26,1.27,13646886
2011-07-18,1.27,1.28,1.27,1.27,17230774
2011-07-19,1.27,1.27,1.26,1.26,8321744
2011-07-20,1.26,1.27,1.25,1.26,28641021
2011-07-21,1.26,1.26,1.25,1.25,20553495
2011-07-22,1.25,1.26,1.25,1.26,9912153
2011-07-25,1.25,1.25,1.21,1.21,17534731
2011-07-26,1.22,1.22,1.21,1.22,6231581
2011-07-27,1.22,1.24,1.21,1.23,9956637
2011-07-28,1.23,1.23,1.21,1.23,23064204
2011-07-29,1.23,1.23,1.21,1.22,14441931
2011-08-01,1.22,1.23,1.22,1.22,8195618
2011-08-02,1.22,1.22,1.2,1.21,10276392
2011-08-03,1.2,1.22,1.2,1.21,6913232
2011-08-04,1.21,1.23,1.21,1.22,6116924
2011-08-05,1.21,1.21,1.17,1.19,14765889
2011-08-08,1.18,1.19,1.13,1.15,27241381
2011-08-09,1.14,1.16,1.11,1.16,39736830
2011-08-10,1.17,1.18,1.17,1.17,22653038
2011-08-11,1.16,1.18,1.15,1.18,31261250
2011-08-12,1.18,1.19,1.18,1.18,17980796
2011-08-15,1.19,1.2,1.18,1.2,13044856
2011-08-16,1.19,1.2,1.18,1.19,16305169
2011-08-17,1.19,1.19,1.18,1.18,10797802
2011-08-18,1.18,1.19,1.16,1.16,10111899
2011-08-19,1.15,1.16,1.14,1.15,39623674
2011-08-22,1.15,1.16,1.13,1.13,13836688
2011-08-23,1.14,1.15,1.13,1.14,14432283
2011-08-24,1.15,1.16,1.14,1.15,12533656
2011-08-25,1.15,1.19,1.14,1.18,22362046
2011-08-26,1.18,1.18,1.17,1.18,19072201
2011-08-29,1.17,1.17,1.16,1.16,17612735
2011-08-30,1.16,1.18,1.15,1.15,15503696
2011-08-31,1.15,1.16,1.15,1.16,9542447
2011-09-01,1.16,1.17,1.15,1.15,12437273
2011-09-02,1.15,1.16,1.14,1.14,4376511
2011-09-05,1.14,1.14,1.11,1.12,10904984
2011-09-06,1.11,1.12,1.09,1.1,18678389
2011-09-07,1.11,1.12,1.1,1.12,13022385
2011-09-08,1.12,1.13,1.11,1.11,9063841
2011-09-09,1.12,1.13,1.1,1.11,17220574
2011-09-13,1.1,1.1,1.09,1.1,13819819
2011-09-14,1.1,1.1,1.08,1.1,17052850
2011-09-15,1.1,1.11,1.1,1.1,16155541
2011-09-16,1.11,1.12,1.1,1.1,8669599
2011-09-19,1.1,1.1,1.08,1.08,9600153
2011-09-20,1.08,1.09,1.08,1.09,7398687
2011-09-21,1.08,1.12,1.08,1.12,27234424
2011-09-22,1.11,1.11,1.08,1.09,11630970
2011-09-23,1.08,1.08,1.06,1.07,35328086
2011-09-26,1.07,1.08,1.05,1.05,13207961
2011-09-27,1.05,1.07,1.05,1.06,21896130
2011-09-28,1.07,1.07,1.05,1.06,10608152
2011-09-29,1.05,1.06,1.04,1.05,15028127
2011-09-30,1.05,1.05,1.04,1.05,11287968
2011-10-10,1.05,1.05,1.03,1.03,5748337
2011-10-11,1.05,1.06,1.01,1.02,20743310
2011-10-12,1.02,1.06,1.01,1.06,37106165
2011-10-13,1.06,1.07,1.05,1.06,14735753
2011-10-14,1.07,1.07,1.05,1.06,9461408
2011-10-17,1.06,1.08,1.06,1.07,12894916
2011-10-18,1.06,1.07,1.04,1.04,11299443
2011-10-19,1.04,1.05,1.03,1.03,18039496
2011-10-20,1.02,1.02,0.99,1.0,26208289
2011-10-21,1.0,1.0,0.98,0.98,21086729
2011-10-24,0.99,1.01,0.98,1.01,26159893
2011-10-25,1.01,1.04,1.01,1.04,19628084
2011-10-26,1.03,1.06,1.03,1.05,21942096
2011-10-27,1.05,1.06,1.05,1.05,5635174
2011-10-28,1.06,1.08,1.06,1.08,40760734
2011-10-31,1.08,1.08,1.06,1.07,37915702
2011-11-01,1.06,1.08,1.05,1.06,20090568
2011-11-02,1.05,1.08,1.04,1.08,19418242
2011-11-03,1.08,1.1,1.08,1.08,23756957
2011-11-04,1.08,1.1,1.08,1.09,25026684
2011-11-07,1.08,1.09,1.07,1.07,12706696
2011-11-08,1.07,1.08,1.07,1.07,22242684
2011-11-09,1.07,1.08,1.06,1.08,18965710
2011-11-10,1.07,1.07,1.06,1.06,15336459
2011-11-11,1.06,1.07,1.05,1.06,19963814
2011-11-14,1.06,1.08,1.06,1.08,13764424
2011-11-15,1.08,1.08,1.07,1.07,10628737
2011-11-16,1.07,1.08,1.04,1.05,24593599
2011-11-17,1.05,1.06,1.05,1.05,8177007
2011-11-18,1.04,1.04,1.02,1.02,20270408
2011-11-21,1.02,1.02,1.01,1.02,8543253
2011-11-22,1.02,1.02,1.01,1.02,11197860
2011-11-23,1.02,1.02,1.01,1.01,10622040
2011-11-24,1.01,1.02,1.0,1.01,14569049
2011-11-25,1.01,1.02,1.0,1.0,9931722
2011-11-28,1.01,1.01,1.0,1.01,16062180
2011-11-29,1.01,1.02,1.01,1.02,24878103
2011-11-30,1.01,1.02,0.98,0.99,27741309
2011-12-01,1.01,1.03,1.01,1.01,47074096
2011-12-02,1.01,1.01,0.99,1.0,14676014
2011-12-05,1.0,1.0,0.97,0.98,29390407
2011-12-06,0.98,0.98,0.97,0.98,17752791
2011-12-07,0.97,0.98,0.97,0.98,13248680
2011-12-08,0.98,0.99,0.96,0.98,18950267
2011-12-09,0.96,0.97,0.96,0.96,18859518
2011-12-12,0.96,0.96,0.95,0.95,13411801
2011-12-13,0.95,0.95,0.93,0.94,43215636
2011-12-14,0.93,0.94,0.92,0.92,7745651
2011-12-15,0.92,0.92,0.9,0.9,38206437
2011-12-16,0.9,0.93,0.9,0.92,26709138
2011-12-19,0.92,0.92,0.89,0.92,14821179
2011-12-20,0.92,0.93,0.91,0.91,112743757
2011-12-21,0.92,0.93,0.9,0.93,52660742
2011-12-22,0.91,0.91,0.89,0.91,157217543
2011-12-23,0.91,0.92,0.9,0.92,16486852
2011-12-26,0.91,0.92,0.9,0.9,19199258
2011-12-27,0.9,0.9,0.88,0.88,15070208
2011-12-28,0.88,0.89,0.87,0.88,12340587
2011-12-29,0.88,0.9,0.88,0.89,16631095
2011-12-30,0.9,0.91,0.89,0.9,14235161
2012-01-04,0.91,0.92,0.88,0.88,19171720
2012-01-05,0.88,0.89,0.87,0.87,24718967
2012-01-06,0.87,0.88,0.86,0.88,20862224
2012-01-09,0.88,0.91,0.87,0.91,36133865
2012-01-10,0.91,0.94,0.91,0.94,27865646
2012-01-11,0.94,0.95,0.93,0.94,30967274
2012-01-12,0.93,0.95,0.93,0.94,14375281
2012-01-13,0.94,0.94,0.91,0.92,24416656
2012-01-16,0.9,0.92,0.89,0.9,23094056
2012-01-17,0.9,0.95,0.89,0.94,32470314
2012-01-18,0.94,0.96,0.92,0.92,29373952
2012-01-19,0.93,0.95,0.92,0.94,27916344
2012-01-20,0.95,0.96,0.94,0.96,26050421
2012-01-30,0.96,0.96,0.94,0.94,35736023
2012-01-31,0.94,0.95,0.94,0.94,14953810
2012-02-01,0.94,0.95,0.93,0.93,14518233
2012-02-02,0.94,0.95,0.93,0.95,17710408
2012-02-03,0.95,0.96,0.94,0.96,19502405
2012-02-06,0.96,0.97,0.96,0.96,12916781
2012-02-07,0.96,0.96,0.94,0.94,18443674
2012-02-08,0.94,0.98,0.94,0.97,40463249
2012-02-09,0.97,0.98,0.96,0.97,13573338
2012-02-10,0.97,0.98,0.96,0.97,19942209
2012-02-13,0.97,0.98,0.96,0.97,14300357
2012-02-14,0.97,0.97,0.96,0.97,17006690
2012-02-15,0.96,0.99,0.96,0.98,20689725
2012-02-16,0.98,0.99,0.97,0.98,15452765
2012-02-17,0.98,0.99,0.97,0.98,8790615
2012-02-20,0.99,0.99,0.98,0.98,16477689
2012-02-21,0.97,0.98,0.97,0.98,17795629
2012-02-22,0.98,1.0,0.98,1.0,21282315
2012-02-23,1.0,1.01,1.0,1.0,65755989
2012-02-24,1.0,1.03,1.0,1.03,146574090
2012-02-27,1.03,1.05,1.03,1.03,90593095
2012-02-28,1.03,1.04,1.02,1.03,26478692
2012-02-29,1.02,1.04,1.02,1.02,16772625
2012-03-01,1.02,1.03,1.02,1.02,10331737
2012-03-02,1.03,1.05,1.02,1.05,12596094
2012-03-05,1.05,1.05,1.04,1.04,14292068
2012-03-06,1.03,1.03,1.02,1.02,9670339
2012-03-07,1.02,1.03,1.01,1.02,14297016
2012-03-08,1.02,1.04,1.02,1.03,106533853
2012-03-09,1.03,1.05,1.03,1.05,28415673
2012-03-12,1.05,1.05,1.04,1.04,25454315
2012-03-13,1.04,1.06,1.04,1.06,10446063
2012-03-14,1.06,1.07,1.02,1.02,24064097
2012-03-15,1.03,1.03,1.01,1.02,24032919
2012-03-16,1.03,1.04,1.02,1.04,11954138
2012-03-19,1.04,1.04,1.03,1.04,26938684
2012-03-20,1.04,1.04,1.02,1.02,35274052
2012-03-21,1.03,1.04,1.01,1.02,25783052
2012-03-22,1.02,1.03,1.02,1.02,11095254
2012-03-23,1.02,1.02,1.0,1.0,35207777
2012-03-26,1.0,1.01,1.0,1.01,13914114
2012-03-27,1.01,1.01,1.0,1.0,13098729
2012-03-28,1.0,1.0,0.96,0.97,31207865
2012-03-29,0.97,0.97,0.95,0.96,30858746
2012-03-30,0.96,0.96,0.95,0.95,9820062
2012-04-05,0.95,0.99,0.95,0.98,29587171
2012-04-06,0.98,1.0,0.98,0.99,15119344
2012-04-09,0.99,0.99,0.98,0.98,13011005
2012-04-10,0.98,0.99,0.96,0.99,17709467
2012-04-11,0.99,1.01,0.98,0.99,22940218
2012-04-12,0.99,1.02,0.99,1.01,20292773
2012-04-13,1.02,1.03,1.02,1.02,17528165
2012-04-16,1.01,1.02,1.01,1.02,11444157
2012-04-17,1.01,1.02,1.0,1.0,16885304
2012-04-18,1.0,1.02,1.0,1.02,23555333
2012-04-19,1.02,1.02,1.01,1.02,17414405
2012-04-20,1.02,1.03,1.01,1.03,14224021
2012-04-23,1.03,1.03,1.01,1.02,162313784
2012-04-24,1.02,1.03,1.0,1.02,173873393
2012-04-25,1.02,1.03,1.01,1.03,108009328
2012-04-26,1.03,1.04,1.03,1.03,38738003
2012-04-27,1.03,1.04,1.03,1.03,22580595
2012-05-02,1.04,1.07,1.04,1.06,24852378
2012-05-03,1.06,1.06,1.05,1.06,31643248
2012-05-04,1.06,1.07,1.05,1.07,31730467
2012-05-07,1.07,1.08,1.07,1.07,22778542
2012-05-08,1.07,1.08,1.06,1.06,74771858
2012-05-09,1.05,1.06,1.04,1.04,61045072
2012-05-10,1.04,1.05,1.04,1.04,11835006
2012-05-11,1.04,1.05,1.03,1.03,21076945
2012-05-14,1.04,1.04,1.02,1.02,27969196
2012-05-15,1.02,1.03,1.01,1.03,11506496
2012-05-16,1.02,1.02,1.01,1.01,12123879
2012-05-17,1.01,1.03,1.01,1.02,103779881
2012-05-18,1.02,1.02,1.0,1.01,13539808
2012-05-21,1.0,1.02,1.0,1.01,11246802
2012-05-22,1.02,1.03,1.02,1.03,11836868
2012-05-23,1.03,1.05,1.02,1.03,68050848
2012-05-24,1.03,1.03,1.01,1.01,18956782
2012-05-25,1.01,1.01,1.0,1.0,27246443
2012-05-28,1.0,1.03,0.99,1.03,24633487
2012-05-29,1.02,1.04,1.02,1.04,15122059
2012-05-30,1.04,1.04,1.03,1.03,9910994
2012-05-31,1.03,1.04,1.02,1.03,14168790
2012-06-01,1.03,1.04,1.02,1.03,9733858
2012-06-04,1.02,1.02,1.0,1.0,15097680
2012-06-05,1.0,1.01,1.0,1.0,10835081
2012-06-06,1.0,1.0,0.99,1.0,40358734
2012-06-07,1.0,1.01,0.99,0.99,9925366
2012-06-08,1.0,1.0,0.98,0.98,13312108
2012-06-11,0.99,1.0,0.99,1.0,12463191
2012-06-12,1.0,1.0,0.99,0.99,9320359
2012-06-13,1.0,1.01,1.0,1.01,11908312
2012-06-14,1.01,1.02,1.0,1.0,8724623
2012-06-15,1.01,1.01,0.99,1.0,12492203
2012-06-18,1.0,1.02,1.0,1.01,9781845
2012-06-19,1.01,1.01,1.0,1.0,5880094
2012-06-20,1.0,1.01,1.0,1.0,11040467
2012-06-21,1.0,1.0,0.98,0.98,11564054
2012-06-25,0.98,0.98,0.96,0.96,14027463
2012-06-26,0.96,0.96,0.95,0.96,88010901
2012-06-27,0.96,0.97,0.96,0.96,16997788
2012-06-28,0.96,0.97,0.96,0.96,9860675
2012-06-29,0.96,0.97,0.95,0.97,22320187
2012-07-02,0.97,0.98,0.97,0.97,14124878
2012-07-03,0.97,0.99,0.97,0.98,16184373
2012-07-04,0.98,0.98,0.97,0.97,12475972
2012-07-05,0.97,0.97,0.96,0.96,10770158
2012-07-06,0.96,0.99,0.96,0.99,21399926
2012-07-09,0.98,0.99,0.97,0.97,12626285
2012-07-10,0.97,0.98,0.96,0.97,10412364
2012-07-11,0.97,0.98,0.97,0.98,14835285
2012-07-12,0.98,1.0,0.97,1.0,27114000
2012-07-13,0.99,1.01,0.99,1.0,16842468
2012-07-16,1.0,1.0,0.98,0.98,15807815
2012-07-17,0.98,0.98,0.97,0.98,24276703
2012-07-18,0.98,0.98,0.95,0.97,33046869
2012-07-19,0.97,0.98,0.96,0.97,16920200
2012-07-20,0.97,0.97,0.95,0.96,18783406
2012-07-23,0.95,0.95,0.94,0.94,11331658
2012-07-24,0.94,0.96,0.94,0.95,14326289
2012-07-25,0.94,0.94,0.94,0.94,9587861
2012-07-26,0.94,0.94,0.93,0.93,10830172
2012-07-27,0.93,0.94,0.93,0.93,12428160
2012-07-30,0.93,0.94,0.93,0.93,24329834
2012-07-31,0.93,0.94,0.92,0.93,7450659
2012-08-01,0.93,0.94,0.93,0.94,24385144
2012-08-02,0.93,0.94,0.92,0.92,15576212
2012-08-03,0.92,0.93,0.92,0.93,16169240
2012-08-06,0.93,0.94,0.92,0.94,18899678
2012-08-07,0.94,0.95,0.94,0.94,14508351
2012-08-08,0.95,0.95,0.94,0.94,9132480
2012-08-09,0.94,0.96,0.94,0.96,10016855
2012-08-10,0.95,0.96,0.94,0.94,11153028
2012-08-13,0.94,0.94,0.92,0.93,23369163
2012-08-14,0.93,0.93,0.92,0.93,26396723
2012-08-15,0.93,0.93,0.92,0.93,29620899
2012-08-16,0.92,0.93,0.92,0.92,26423378
2012-08-17,0.92,0.92,0.9,0.9,16788542
2012-08-20,0.9,0.91,0.89,0.9,14395104
2012-08-21,0.9,0.91,0.9,0.91,11758288
2012-08-22,0.91,0.91,0.89,0.89,12533578
2012-08-23,0.89,0.9,0.88,0.89,21409312
2012-08-24,0.89,0.89,0.88,0.88,15580262
2012-08-27,0.88,0.88,0.86,0.86,18330099
2012-08-28,0.86,0.86,0.86,0.86,16094577
2012-08-29,0.86,0.86,0.85,0.85,16827290
2012-08-30,0.84,0.85,0.83,0.84,17646196
2012-08-31,0.84,0.85,0.84,0.84,11199001
2012-09-03,0.84,0.86,0.84,0.86,21619334
2012-09-04,0.85,0.86,0.84,0.84,18899247
2012-09-05,0.84,0.85,0.84,0.84,17818039
2012-09-06,0.84,0.85,0.84,0.85,7177631
2012-09-07,0.85,0.9,0.85,0.9,50987766
2012-09-10,0.9,0.9,0.89,0.9,24601439
2012-09-11,0.89,0.89,0.88,0.89,19947865
2012-09-12,0.9,0.91,0.89,0.9,15825652
2012-09-13,0.9,0.9,0.89,0.89,10342100
2012-09-14,0.9,0.9,0.89,0.89,26870988
2012-09-17,0.89,0.89,0.87,0.87,12486388
2012-09-18,0.87,0.87,0.86,0.86,21141421
2012-09-19,0.86,0.87,0.86,0.86,10626568
2012-09-20,0.86,0.86,0.84,0.84,11656500
2012-09-21,0.84,0.85,0.83,0.84,10447370
2012-09-24,0.83,0.86,0.83,0.85,17610839
2012-09-25,0.85,0.86,0.84,0.85,8438478
2012-09-26,0.85,0.85,0.84,0.84,7269091
2012-09-27,0.84,0.88,0.84,0.87,20415094
2012-09-28,0.86,0.89,0.86,0.89,31302146
2012-10-08,0.89,0.89,0.87,0.88,15623243
2012-10-09,0.88,0.9,0.88,0.89,29992267
2012-10-10,0.89,0.9,0.89,0.9,16924628
2012-10-11,0.89,0.9,0.88,0.89,14190251
2012-10-12,0.89,0.9,0.88,0.89,20762542
2012-10-15,0.89,0.89,0.87,0.88,16532417
2012-10-16,0.88,0.89,0.88,0.88,17946556
2012-10-17,0.89,0.89,0.88,0.88,10924598
2012-10-18,0.88,0.9,0.88,0.9,26468081
2012-10-19,0.9,0.91,0.9,0.9,10487289
2012-10-22,0.9,0.91,0.89,0.9,24989305
2012-10-23,0.9,0.91,0.88,0.89,19077556
2012-10-24,0.89,0.89,0.88,0.89,8475025
2012-10-25,0.89,0.9,0.88,0.88,13428193
2012-10-26,0.88,0.88,0.86,0.86,29869475
2012-10-29,0.86,0.86,0.85,0.86,6981683
2012-10-30,0.86,0.87,0.86,0.86,8679639
2012-10-31,0.86,0.87,0.86,0.87,7961257
2012-11-01,0.87,0.89,0.87,0.89,12610862
2012-11-02,0.89,0.89,0.88,0.89,17894432
2012-11-05,0.89,0.89,0.88,0.88,12015137
2012-11-06,0.89,0.89,0.87,0.88,9987232
2012-11-07,0.88,0.88,0.87,0.88,22330179
2012-11-08,0.87,0.87,0.86,0.86,21590144
2012-11-09,0.86,0.86,0.85,0.85,6254800
2012-11-12,0.86,0.86,0.85,0.86,5776448
2012-11-13,0.86,0.86,0.84,0.84,9917078
2012-11-14,0.84,0.85,0.84,0.84,21156866
2012-11-15,0.84,0.85,0.84,0.84,9219962
2012-11-16,0.84,0.84,0.82,0.83,13359646
2012-11-19,0.83,0.83,0.81,0.83,9608028
2012-11-20,0.83,0.83,0.82,0.82,13694742
2012-11-21,0.82,0.84,0.82,0.84,24526512
2012-11-22,0.83,0.83,0.82,0.82,12591675
2012-11-23,0.82,0.83,0.82,0.83,8403253
2012-11-26,0.83,0.83,0.82,0.82,11186634
2012-11-27,0.82,0.82,0.81,0.81,11494424
2012-11-28,0.81,0.81,0.8,0.8,11332431
2012-11-29,0.81,0.81,0.8,0.8,11200457
2012-11-30,0.8,0.81,0.8,0.81,13715048
2012-12-03,0.81,0.81,0.79,0.79,11747934
2012-12-04,0.79,0.8,0.78,0.8,8251833
2012-12-05,0.8,0.83,0.8,0.83,29196604
2012-12-06,0.83,0.83,0.82,0.82,9402023
2012-12-07,0.82,0.84,0.82,0.84,20393599
2012-12-10,0.84,0.85,0.83,0.84,284176364
2012-12-11,0.84,0.85,0.84,0.84,13738932
2012-12-12,0.84,0.85,0.84,0.84,8115015
2012-12-13,0.84,0.84,0.84,0.84,9107634
2012-12-14,0.83,0.88,0.83,0.88,24517307
2012-12-17,0.87,0.88,0.87,0.88,38030510
2012-12-18,0.88,0.9,0.87,0.88,16390704
2012-12-19,0.88,0.89,0.87,0.88,10770389
2012-12-20,0.88,0.89,0.87,0.89,17176407
2012-12-21,0.89,0.9,0.88,0.88,20089380
2012-12-24,0.88,0.89,0.88,0.88,44401366
2012-12-25,0.88,0.91,0.88,0.91,50804064
2012-12-26,0.91,0.92,0.91,0.92,18131882
2012-12-27,0.92,0.92,0.91,0.91,13927533
2012-12-28,0.91,0.92,0.91,0.92,51739527
2012-12-31,0.92,0.93,0.92,0.93,34696433
2013-01-04,0.94,0.94,0.92,0.93,31909890
2013-01-07,0.92,0.93,0.92,0.93,177203291
2013-01-08,0.93,0.94,0.92,0.93,67286767
2013-01-09,0.93,0.94,0.92,0.94,122966277
2013-01-10,0.94,0.95,0.94,0.94,99450935
2013-01-11,0.94,0.94,0.92,0.92,40269289
2013-01-14,0.92,0.96,0.92,0.96,261532347
2013-01-15,0.96,0.97,0.96,0.96,27280952
2013-01-16,0.96,0.97,0.95,0.96,16104259
2013-01-17,0.96,0.96,0.95,0.96,14405757
2013-01-18,0.96,0.97,0.95,0.97,26961890
2013-01-21,0.97,0.98,0.97,0.98,42530684
2013-01-22,0.98,0.99,0.97,0.98,44307705
2013-01-23,0.98,0.98,0.97,0.98,9808448
2013-01-24,0.98,1.0,0.96,0.97,41842996
2013-01-25,0.96,0.97,0.96,0.96,18078038
2013-01-28,0.96,0.98,0.96,0.98,21135391
2013-01-29,0.98,1.0,0.98,0.99,22199058
2013-01-30,0.99,1.0,0.99,1.0,27866359
2013-01-31,1.0,1.0,0.98,0.99,12748435
2013-02-01,0.98,1.0,0.98,1.0,20464375
2013-02-04,1.0,1.01,0.99,1.0,11793896
2013-02-05,0.99,1.02,0.99,1.01,23050276
2013-02-06,1.01,1.02,1.01,1.01,9417980
2013-02-07,1.01,1.02,1.0,1.01,11371366
2013-02-08,1.01,1.03,1.01,1.02,62682283
2013-02-18,1.02,1.02,1.0,1.0,31223344
2013-02-19,1.0,1.0,0.97,0.98,22461391
2013-02-20,0.98,0.99,0.97,0.98,33750237
2013-02-21,0.98,0.98,0.95,0.96,127803967
2013-02-22,0.96,0.97,0.96,0.96,8298263
2013-02-25,0.96,0.97,0.95,0.95,12894345
2013-02-26,0.95,0.96,0.94,0.94,13929979
2013-02-27,0.94,0.96,0.94,0.95,24467612
2013-02-28,0.95,0.99,0.95,0.98,33033768
2013-03-01,0.98,0.99,0.97,0.98,40957743
2013-03-04,0.97,0.97,0.93,0.93,66708483
2013-03-05,0.93,0.96,0.93,0.95,26550719
2013-03-06,0.96,0.96,0.95,0.96,110415708
2013-03-07,0.96,0.97,0.94,0.96,16383946
2013-03-08,0.96,0.96,0.95,0.95,10827617
2013-03-11,0.95,0.95,0.94,0.95,16902650
2013-03-13,0.94,0.94,0.92,0.93,17040612
2013-03-14,0.92,0.94,0.92,0.93,9864992
2013-03-15,0.92,0.96,0.91,0.93,19493674
2013-03-18,0.92,0.94,0.92,0.92,43066710
2013-03-19,0.92,0.93,0.91,0.92,72664714
2013-03-20,0.92,0.95,0.92,0.95,51092996
2013-03-21,0.95,0.96,0.95,0.95,74054069
2013-03-22,0.95,0.96,0.95,0.95,11918749
2013-03-25,0.96,0.96,0.95,0.95,9587748
2013-03-26,0.95,0.95,0.93,0.94,30116349
2013-03-27,0.94,0.96,0.94,0.94,17836172
2013-03-28,0.93,0.93,0.91,0.92,20148001
2013-03-29,0.92,0.92,0.91,0.91,20374654
2013-04-01,0.9,0.92,0.9,0.91,26425572
2013-04-02,0.91,0.93,0.91,0.91,76287819
2013-04-03,0.92,0.92,0.91,0.92,65719945
2013-04-08,0.91,0.91,0.89,0.91,19549217
2013-04-09,0.91,0.92,0.91,0.92,26010120
2013-04-10,0.91,0.92,0.91,0.91,11553568
2013-04-11,0.92,0.92,0.91,0.91,10549750
2013-04-12,0.91,0.92,0.9,0.9,10857667
2013-04-15,0.9,0.9,0.89,0.89,14168430
2013-04-16,0.89,0.9,0.88,0.9,21170219
2013-04-17,0.9,0.91,0.9,0.91,18000222
2013-04-18,0.91,0.92,0.9,0.91,13032345
2013-04-19,0.91,0.93,0.91,0.93,57085653
2013-04-22,0.93,0.93,0.92,0.92,11161550
2013-04-23,0.92,0.92,0.9,0.9,17487935
2013-04-24,0.9,0.92,0.89,0.91,21125464
2013-04-25,0.91,0.91,0.9,0.9,18459175
2013-04-26,0.9,0.9,0.88,0.88,22810228
2013-05-02,0.88,0.89,0.88,0.89,8459167
2013-05-03,0.89,0.92,0.89,0.9,24108722
2013-05-06,0.9,0.92,0.9,0.92,10223679
2013-05-07,0.92,0.92,0.91,0.92,10267581
2013-05-08,0.92,0.94,0.92,0.93,12821701
2013-05-09,0.93,0.93,0.91,0.92,6530649
2013-05-10,0.92,0.93,0.92,0.92,6913677
2013-05-13,0.93,0.93,0.92,0.92,6596376
2013-05-14,0.92,0.92,0.9,0.9,17774406
2013-05-15,0.9,0.91,0.9,0.9,6977298
2013-05-16,0.9,0.93,0.9,0.93,18686754
2013-05-17,0.93,0.95,0.92,0.95,24173889
2013-05-20,0.95,0.96,0.95,0.95,24814572
2013-05-21,0.95,0.96,0.95,0.96,16471865
2013-05-22,0.96,0.97,0.95,0.96,14146503
2013-05-23,0.96,0.96,0.94,0.95,16895790
2013-05-24,0.95,0.96,0.94,0.95,10686033
2013-05-27,0.95,0.95,0.94,0.94,9899276
2013-05-28,0.95,0.97,0.94,0.96,21362622
2013-05-29,0.97,0.97,0.96,0.96,21697380
2013-05-30,0.96,0.96,0.96,0.96,8833100
2013-05-31,0.96,0.96,0.95,0.95,10278907
2013-06-03,0.94,0.96,0.94,0.95,11436748
2013-06-04,0.94,0.95,0.93,0.93,16007769
2013-06-05,0.93,0.94,0.93,0.94,14786452
2013-06-06,0.94,0.94,0.92,0.92,16971695
2013-06-07,0.92,0.93,0.9,0.9,63713861
2013-06-14,0.87,0.88,0.87,0.87,9566432
2013-06-17,0.87,0.88,0.86,0.86,9051556
2013-06-18,0.86,0.87,0.86,0.87,13823617
2013-06-19,0.87,0.87,0.85,0.87,25003792
2013-06-20,0.86,0.86,0.84,0.84,20517692
2013-06-21,0.83,0.84,0.82,0.84,45125264
2013-06-24,0.84,0.84,0.78,0.78,31713012
2013-06-25,0.78,0.78,0.72,0.77,63661796
2013-06-26,0.78,0.78,0.76,0.78,32172215
2013-06-27,0.78,0.8,0.78,0.78,26643933
2013-06-28,0.78,0.81,0.77,0.79,46717506
2013-07-01,0.79,0.8,0.78,0.8,22603729
2013-07-02,0.79,0.8,0.79,0.8,13043310
2013-07-04,0.79,0.81,0.78,0.81,20299166
2013-07-05,0.8,0.82,0.8,0.81,13234890
2013-07-08,0.8,0.8,0.78,0.79,13320237
2013-07-09,0.78,0.79,0.78,0.78,12212579
2013-07-10,0.78,0.81,0.78,0.8,19909015
2013-07-11,0.81,0.86,0.81,0.85,60584011
2013-07-12,0.85,0.85,0.82,0.83,19272030
2013-07-15,0.83,0.85,0.83,0.84,45312274
2013-07-16,0.84,0.85,0.83,0.85,49635276
2013-07-17,0.84,0.85,0.83,0.83,30206327
2013-07-18,0.83,0.84,0.82,0.82,21116550
2013-07-19,0.82,0.82,0.79,0.79,31539000
2013-07-22,0.79,0.8,0.78,0.8,18923554
2013-07-23,0.8,0.83,0.8,0.82,34207446
2013-07-24,0.82,0.83,0.81,0.82,17889524
2013-07-25,0.82,0.83,0.81,0.82,15126578
2013-07-26,0.82,0.82,0.81,0.81,12251540
2013-07-29,0.81,0.81,0.79,0.8,12673103
2013-07-30,0.8,0.81,0.79,0.8,20422669
2013-07-31,0.81,0.82,0.8,0.81,14082247
2013-08-01,0.81,0.83,0.81,0.82,26817501
2013-08-02,0.83,0.84,0.82,0.83,24447764
2013-08-05,0.82,0.84,0.82,0.84,15371860
2013-08-06,0.83,0.85,0.83,0.84,15076412
2013-08-07,0.84,0.86,0.84,0.84,17942585
2013-08-08,0.84,0.85,0.84,0.84,19344098
2013-08-09,0.84,0.85,0.83,0.85,18722022
2013-08-12,0.85,0.87,0.85,0.87,28508635
2013-08-13,0.87,0.87,0.86,0.87,14890530
2013-08-14,0.87,0.88,0.86,0.86,22691298
2013-08-15,0.86,0.87,0.85,0.85,15068412
2013-08-16,0.85,0.88,0.84,0.85,45714374
2013-08-19,0.84,0.87,0.84,0.86,20042425
2013-08-20,0.86,0.87,0.85,0.85,19665706
2013-08-21,0.85,0.86,0.85,0.86,13705467
2013-08-22,0.85,0.86,0.85,0.86,17856782
2013-08-23,0.86,0.86,0.83,0.84,19330666
2013-08-26,0.85,0.87,0.85,0.86,21119494
2013-08-27,0.86,0.87,0.86,0.86,10629487
2013-08-28,0.86,0.86,0.85,0.85,19039564
2013-08-29,0.86,0.86,0.85,0.85,13643671
2013-08-30,0.85,0.86,0.85,0.85,18800432
2013-09-02,0.85,0.86,0.84,0.85,9398770
2013-09-03,0.85,0.87,0.85,0.87,14857618
2013-09-04,0.87,0.87,0.86,0.86,7996992
2013-09-05,0.86,0.87,0.86,0.86,8202302
2013-09-06,0.86,0.87,0.86,0.86,13888221
2013-09-09,0.86,0.88,0.86,0.88,27498255
2013-09-10,0.88,0.9,0.88,0.89,19201588
2013-09-11,0.89,0.9,0.89,0.9,24386433
2013-09-12,0.9,0.91,0.89,0.9,20678897
2013-09-13,0.9,0.91,0.9,0.9,14310413
2013-09-16,0.9,0.91,0.9,0.9,15474100
2013-09-17,0.9,0.9,0.88,0.88,14744419
2013-09-18,0.88,0.88,0.87,0.88,16028528
2013-09-23,0.88,0.91,0.88,0.9,18940040
2013-09-24,0.91,0.91,0.89,0.9009999999999999,26613778
2013-09-25,0.9,0.91,0.89,0.894,9739070
2013-09-26,0.89,0.89,0.88,0.877,29908276
2013-09-27,0.88,0.89,0.88,0.883,14109710
2013-09-30,0.88,0.89,0.88,0.885,12807152
2013-10-08,0.88,0.91,0.88,0.905,17005179
2013-10-09,0.9,0.9,0.9,0.9009999999999999,11357680
2013-10-10,0.9,0.91,0.9,0.902,9139470
2013-10-11,0.9,0.91,0.9,0.9079999999999999,11201017
2013-10-14,0.91,0.92,0.91,0.9109999999999999,10357442
2013-10-15,0.91,0.91,0.9,0.905,7670387
2013-10-16,0.9,0.9,0.88,0.89,9828807
2013-10-17,0.9,0.9,0.89,0.885,5062701
2013-10-18,0.89,0.9,0.88,0.892,7207079
2013-10-21,0.89,0.91,0.89,0.9079999999999999,11816339
2013-10-22,0.91,0.91,0.9,0.897,7141605
2013-10-23,0.9,0.91,0.88,0.885,13140775
2013-10-24,0.89,0.89,0.88,0.882,18495367
2013-10-25,0.89,0.89,0.87,0.87,13974695
2013-10-28,0.87,0.87,0.86,0.8690000000000001,10064365
2013-10-29,0.87,0.88,0.85,0.87,38199378
2013-10-30,0.87,0.89,0.87,0.889,91721139
2013-10-31,0.89,0.89,0.88,0.883,16210731
2013-11-01,0.88,0.89,0.87,0.88,14671798
2013-11-04,0.88,0.89,0.87,0.878,56901066
2013-11-05,0.87,0.88,0.86,0.879,13977612
2013-11-06,0.88,0.88,0.86,0.863,16084680
2013-11-07,0.86,0.86,0.85,0.857,21733358
2013-11-08,0.85,0.86,0.85,0.847,14391851
2013-11-11,0.85,0.85,0.84,0.85,22253215
2013-11-12,0.85,0.86,0.85,0.862,28189972
2013-11-13,0.86,0.86,0.84,0.845,32706524
2013-11-14,0.84,0.85,0.84,0.848,12540257
2013-11-15,0.85,0.88,0.85,0.865,27813709
2013-11-18,0.86,0.89,0.86,0.887,30223198
2013-11-19,0.89,0.89,0.88,0.88,20734454
2013-11-20,0.89,0.89,0.88,0.885,14913079
2013-11-21,0.88,0.88,0.87,0.8809999999999999,22532994
2013-11-22,0.88,0.89,0.87,0.8759999999999999,14985062
2013-11-25,0.87,0.88,0.87,0.872,23586660
2013-11-26,0.87,0.87,0.87,0.872,16207203
2013-11-27,0.87,0.88,0.87,0.877,31632895
2013-11-28,0.88,0.9,0.88,0.889,27630867
2013-11-29,0.89,0.89,0.89,0.887,11557588
2013-12-02,0.88,0.89,0.87,0.873,34213328
2013-12-03,0.87,0.89,0.87,0.883,18091393
2013-12-04,0.88,0.9,0.88,0.893,31487556
2013-12-05,0.89,0.9,0.89,0.89,12315833
2013-12-06,0.89,0.89,0.88,0.8859999999999999,12807595
2013-12-09,0.89,0.89,0.88,0.885,11583973
2013-12-10,0.89,0.89,0.89,0.888,20086460
2013-12-11,0.88,0.88,0.87,0.873,86749141
2013-12-12,0.87,0.88,0.87,0.872,10091865
2013-12-13,0.87,0.88,0.86,0.875,13520987
2013-12-16,0.88,0.88,0.86,0.8590000000000001,4906395
2013-12-17,0.86,0.86,0.85,0.8540000000000001,28646796
2013-12-18,0.85,0.86,0.85,0.856,11765818
2013-12-19,0.86,0.86,0.85,0.847,29722445
2013-12-20,0.85,0.85,0.83,0.831,87989333
2013-12-23,0.83,0.83,0.82,0.831,23830187
2013-12-24,0.83,0.84,0.83,0.8340000000000001,12910557
2013-12-25,0.84,0.84,0.83,0.8420000000000001,14965100
2013-12-26,0.84,0.84,0.82,0.823,31785555
2013-12-27,0.82,0.84,0.82,0.836,17258700
2013-12-30,0.84,0.84,0.83,0.8320000000000001,88271366
2013-12-31,0.83,0.84,0.83,0.8440000000000001,198297880
2014-01-02,0.84,0.84,0.84,0.8420000000000001,14233951
2014-01-03,0.84,0.84,0.83,0.831,15057091
2014-01-06,0.83,0.83,0.81,0.8109999999999999,22564352
2014-01-07,0.81,0.81,0.81,0.81,9877063
2014-01-08,0.81,0.82,0.81,0.809,16396620
2014-01-09,0.81,0.82,0.8,0.804,23901412
2014-01-10,0.8,0.8,0.79,0.795,26093078
2014-01-13,0.79,0.8,0.78,0.7859999999999999,15779048
2014-01-14,0.79,0.8,0.78,0.795,51102444
2014-01-15,0.8,0.8,0.79,0.797,140802145
2014-01-16,0.79,0.8,0.79,0.794,77272225
2014-01-17,0.79,0.79,0.78,0.784,24449199
2014-01-20,0.78,0.79,0.78,0.7809999999999999,11765085
2014-01-21,0.78,0.79,0.78,0.7879999999999999,18441622
2014-01-22,0.79,0.81,0.79,0.813,31936217
2014-01-23,0.81,0.81,0.81,0.807,15594714
2014-01-24,0.81,0.82,0.81,0.815,26168054
2014-01-27,0.81,0.81,0.8,0.802,13918807
2014-01-28,0.8,0.81,0.8,0.804,69537190
2014-01-29,0.8,0.81,0.8,0.8,9887159
2014-01-30,0.8,0.8,0.79,0.787,14582500
2014-02-07,0.78,0.79,0.78,0.79,13145539
2014-02-10,0.79,0.81,0.79,0.812,29059740
2014-02-11,0.81,0.82,0.81,0.812,31683548
2014-02-12,0.81,0.82,0.81,0.8190000000000001,98364680
2014-02-13,0.82,0.82,0.81,0.816,31140107
2014-02-14,0.81,0.82,0.81,0.818,31135060
2014-02-17,0.82,0.82,0.81,0.8240000000000001,29294785
2014-02-18,0.82,0.82,0.81,0.812,25910470
2014-02-19,0.81,0.83,0.81,0.825,24244931
2014-02-20,0.82,0.83,0.81,0.812,18734921
2014-02-21,0.81,0.81,0.8,0.8029999999999999,19137507
2014-02-24,0.8,0.8,0.77,0.7829999999999999,33427618
2014-02-25,0.78,0.78,0.76,0.76,47937326
2014-02-26,0.76,0.76,0.75,0.7609999999999999,30302619
2014-02-27,0.76,0.76,0.74,0.745,27991969
2014-02-28,0.74,0.77,0.74,0.763,38664892
2014-03-03,0.76,0.77,0.76,0.765,19078028
2014-03-04,0.76,0.77,0.75,0.76,20914117
2014-03-05,0.76,0.76,0.76,0.7559999999999999,16384730
2014-03-06,0.76,0.76,0.74,0.762,35775084
2014-03-07,0.76,0.77,0.76,0.7609999999999999,18852381
2014-03-10,0.75,0.75,0.74,0.74,37385846
2014-03-11,0.74,0.75,0.74,0.747,49957521
2014-03-12,0.75,0.76,0.74,0.7490000000000001,74643375
2014-03-13,0.75,0.76,0.75,0.759,46217498
2014-03-14,0.75,0.76,0.75,0.7509999999999999,34511042
2014-03-17,0.75,0.76,0.75,0.7609999999999999,38529143
2014-03-18,0.76,0.76,0.75,0.754,32564616
2014-03-19,0.75,0.75,0.74,0.741,47122955
2014-03-20,0.74,0.75,0.72,0.725,70602424
2014-03-21,0.72,0.75,0.72,0.7509999999999999,72991519
2014-03-24,0.75,0.76,0.74,0.754,28960472
2014-03-25,0.75,0.76,0.75,0.753,30671879
2014-03-26,0.75,0.76,0.75,0.752,13388011
2014-03-27,0.75,0.76,0.74,0.745,28533078
2014-03-28,0.74,0.75,0.74,0.743,35846794
2014-03-31,0.74,0.76,0.74,0.75,43808500
2014-04-01,0.74,0.76,0.74,0.755,42761277
2014-04-02,0.76,0.76,0.76,0.762,25952168
2014-04-03,0.76,0.77,0.76,0.7559999999999999,25250769
2014-04-04,0.76,0.77,0.75,0.765,14614258
2014-04-08,0.76,0.78,0.76,0.779,37663988
2014-04-09,0.78,0.78,0.78,0.78,21541570
2014-04-10,0.78,0.79,0.78,0.7859999999999999,26252589
2014-04-11,0.78,0.79,0.78,0.7879999999999999,22216863
2014-04-14,0.79,0.79,0.78,0.7879999999999999,11937088
2014-04-15,0.79,0.79,0.77,0.773,11182924
2014-04-16,0.77,0.78,0.77,0.775,22719927
2014-04-17,0.78,0.78,0.77,0.775,11778757
2014-04-18,0.77,0.78,0.77,0.774,63758521
2014-04-21,0.77,0.78,0.76,0.762,57313813
2014-04-22,0.76,0.77,0.76,0.765,18423296
2014-04-23,0.77,0.78,0.77,0.7709999999999999,68795894
2014-04-24,0.77,0.78,0.77,0.769,63161591
2014-04-25,0.77,0.77,0.76,0.765,45397672
2014-04-28,0.76,0.76,0.75,0.755,35001592
2014-04-29,0.75,0.77,0.75,0.765,19728133
2014-04-30,0.77,0.77,0.76,0.76,37692922
2014-05-05,0.76,0.76,0.75,0.76,51274324
2014-05-06,0.76,0.77,0.76,0.76,26263500
2014-05-07,0.76,0.76,0.75,0.753,24638507
2014-05-08,0.75,0.76,0.75,0.75,31098942
2014-05-09,0.75,0.75,0.74,0.748,25795996
2014-05-12,0.75,0.77,0.75,0.765,107193851
2014-05-13,0.77,0.77,0.76,0.763,30680475
2014-05-14,0.76,0.77,0.76,0.764,37483819
2014-05-15,0.76,0.76,0.75,0.754,8008432
2014-05-16,0.76,0.76,0.75,0.7559999999999999,20187843
2014-05-19,0.75,0.75,0.74,0.747,22123840
2014-05-20,0.75,0.76,0.74,0.747,12374300
2014-05-21,0.75,0.75,0.74,0.754,66797174
2014-05-22,0.75,0.76,0.75,0.7509999999999999,36211695
2014-05-23,0.75,0.76,0.75,0.758,71807847
2014-05-26,0.76,0.76,0.76,0.76,28746878
2014-05-27,0.76,0.76,0.76,0.76,34955475
2014-05-28,0.76,0.77,0.76,0.773,46790621
2014-05-29,0.77,0.78,0.77,0.768,16015318
2014-05-30,0.77,0.77,0.76,0.7709999999999999,27760823
2014-06-03,0.77,0.77,0.77,0.765,31230497
2014-06-04,0.76,0.76,0.75,0.7559999999999999,26902793
2014-06-05,0.76,0.76,0.75,0.764,69058748
2014-06-06,0.76,0.77,0.76,0.759,32973658
2014-06-09,0.76,0.77,0.76,0.759,13895382
2014-06-10,0.76,0.77,0.76,0.772,61076768
2014-06-11,0.77,0.77,0.77,0.7709999999999999,20379794
2014-06-12,0.77,0.77,0.77,0.767,11233100
2014-06-13,0.77,0.78,0.77,0.778,17667805
2014-06-16,0.78,0.78,0.78,0.78,43750159
2014-06-17,0.78,0.78,0.77,0.772,13025532
2014-06-18,0.77,0.77,0.77,0.767,18523077
2014-06-19,0.77,0.77,0.75,0.755,18086159
2014-06-20,0.75,0.76,0.75,0.757,17487228
2014-06-23,0.76,0.76,0.76,0.757,23534443
2014-06-24,0.76,0.76,0.76,0.7609999999999999,31256847
2014-06-25,0.76,0.76,0.76,0.758,31168645
2014-06-26,0.76,0.77,0.76,0.7659999999999999,41652769
2014-06-27,0.77,0.77,0.77,0.769,35254974
2014-06-30,0.77,0.78,0.77,0.772,21270836
2014-07-01,0.77,0.78,0.77,0.769,7961034
2014-07-02,0.77,0.77,0.76,0.769,29551903
2014-07-03,0.77,0.77,0.77,0.7709999999999999,33291181
2014-07-04,0.77,0.77,0.77,0.7709999999999999,6898285
2014-07-07,0.77,0.78,0.77,0.769,24846946
2014-07-08,0.77,0.77,0.77,0.774,30751811
2014-07-09,0.77,0.77,0.76,0.758,20930252
